PLAYER,POS,TEAM,GAMES,SNAPS,SNAPS/GM,SNAP %,RUSH %,TGT %,TOUCH %,UTIL %,FANTASY PTS,PTS/100 SNAPS
Malik Willis,QB,GB,4,98,25,41,22,0,58,58,51.1,52.1
Derrick Henry,RB,BAL,17,556,33,55,55,4,58,59,264.5,47.6
James Cook III,RB,BUF,17,639,38,56,48,6,54,55,269.2,42.1
Jahmyr Gibbs,RB,DET,17,737,43,67,33,13,43,46,289.9,39.3
De'Von Achane,RB,MIA,16,697,44,75,34,12,44,46,255.8,36.7
Josh Jacobs,RB,GB,15,554,37,59,42,8,49,50,201.1,36.3
Jaylen Warren,RB,PIT,16,489,31,50,43,9,51,52,177.1,36.2
Josh Allen,QB,BUF,17,"1,034",61,91,11,0,55,55,374.5,36.2
Jonathan Taylor,RB,IND,17,883,52,82,37,6,42,43,316.3,35.8
Cam Skattebo,RB,NYG,8,295,37,54,34,11,42,45,103.7,35.2
David Montgomery,RB,DET,17,408,24,37,39,7,45,46,142.9,35.0
Drake Maye,QB,NE,17,"1,050",62,96,10,0,57,57,358.9,34.2
TreVeyon Henderson,RB,NE,17,501,29,46,36,8,43,44,171.2,34.2
Bijan Robinson,RB,ATL,17,860,51,78,33,12,43,45,291.8,33.9
Christian McCaffrey,RB,SF,17,932,55,83,33,14,44,47,314.6,33.8
Puka Nacua,WR,LAR,16,727,45,68,1,23,19,24,246.0,33.8
RJ Harvey,RB,DEN,17,481,28,42,30,12,40,43,159.6,33.2
Zach Charbonnet,RB,SEA,16,490,31,49,38,5,42,42,161.4,32.9
Brock Purdy,QB,SF,9,576,64,98,6,0,55,55,187.4,32.5
Jacory Croskey-Merritt,RB,WAS,17,406,24,39,43,3,45,46,131.3,32.3
Kenneth Walker III,RB,SEA,17,498,29,47,44,7,51,52,160.9,32.3
Matthew Stafford,QB,LAR,17,"1,117",66,98,3,0,56,56,358.3,32.1
Mitchell Trubisky,QB,BUF,4,98,25,35,9,0,45,45,31.2,31.8
Quinshon Judkins,RB,CLE,14,452,32,50,51,8,57,59,143.8,31.8
Jaxson Dart,QB,NYG,14,774,55,83,11,0,55,55,246.5,31.8
Patrick Mahomes II,QB,KC,14,934,67,97,7,0,61,61,295.7,31.7
Jalen Hurts,QB,PHI,16,965,60,97,11,0,58,58,305.0,31.6
Lamar Jackson,QB,BAL,13,702,54,93,10,0,53,53,221.8,31.6
Travis Etienne Jr.,RB,JAC,17,691,41,60,38,8,43,45,217.9,31.5
Trevor Lawrence,QB,JAC,17,"1,114",66,97,7,0,58,58,350.1,31.4
D'Andre Swift,RB,CHI,16,621,39,58,36,8,41,44,194.6,31.3
Daniel Jones,QB,IND,13,756,58,91,6,0,57,57,234.4,31.0
J.K. Dobbins,RB,DEN,10,340,34,51,45,4,48,49,104.9,30.9
Rico Dowdle,RB,CAR,17,591,35,56,40,8,47,48,177.3,30.0
Kyren Williams,RB,LAR,17,772,45,68,34,6,38,40,227.3,29.4
Joe Burrow,QB,CIN,8,478,60,88,3,0,57,57,139.4,29.2
Jaxon Smith-Njigba,WR,SEA,17,829,49,78,1,20,15,21,240.9,29.1
Jacoby Brissett,QB,ARI,14,812,58,87,5,0,64,64,235.4,29.0
Chase Brown,RB,CIN,17,738,43,66,31,12,41,43,213.6,28.9
Jayden Daniels,QB,WAS,7,405,58,91,14,0,61,61,117.1,28.9
Dalton Kincaid,TE,BUF,12,302,25,38,0,16,13,16,87.1,28.8
Justin Herbert,QB,LAC,16,"1,043",65,97,8,0,57,57,299.8,28.7
Justin Fields,QB,NYJ,9,501,56,91,14,0,55,55,143.6,28.7
Kenny Gainwell,RB,PIT,17,517,30,50,22,16,36,38,148.3,28.7
Dak Prescott,QB,DAL,17,"1,135",67,96,5,0,58,58,323.8,28.5
Caleb Williams,QB,CHI,17,"1,143",67,99,7,0,57,57,323.3,28.3
Jameis Winston,QB,NYG,3,156,52,70,4,1,47,47,44.2,28.3
Jared Goff,QB,DET,17,"1,083",64,99,2,0,55,55,305.1,28.2
Bo Nix,QB,DEN,17,"1,136",67,100,7,0,61,61,315.8,27.8
Jordan Mason,RB,MIN,16,413,26,44,38,4,42,42,114.9,27.8
Darren Waller,TE,MIA,9,234,26,45,0,15,11,15,64.7,27.6
Rhamondre Stevenson,RB,NE,14,533,38,59,24,7,30,31,146.8,27.5
James Conner,RB,ARI,3,93,31,50,34,10,43,44,25.3,27.2
Tyler Shough,QB,NO,11,605,55,83,7,0,61,61,164.0,27.1
Javonte Williams,RB,DAL,16,769,48,68,33,7,37,39,207.8,27.0
Omarion Hampton,RB,LAC,9,384,43,63,32,9,41,41,103.7,27.0
Jordan Love,QB,GB,15,894,60,94,5,0,54,54,241.3,27.0
Kyle Monangai,RB,CHI,17,478,28,41,35,6,39,42,128.7,26.9
Breece Hall,RB,NYJ,16,640,40,64,38,8,44,46,171.7,26.8
Jake Browning,QB,CIN,5,212,42,71,4,0,63,63,56.7,26.7
J.J. McCarthy,QB,MIN,10,523,52,91,7,0,54,54,137.3,26.3
Marcus Mariota,QB,WAS,11,510,46,75,10,0,54,54,132.4,26.0
Bucky Irving,RB,TB,10,421,42,62,41,8,48,49,108.5,25.8
Baker Mayfield,QB,TB,17,"1,099",65,97,5,0,54,54,282.9,25.7
Davante Adams,WR,LAR,14,635,45,70,0,18,9,18,162.9,25.7
Tyrod Taylor,QB,NYJ,6,251,42,70,11,0,64,64,64.4,25.7
Kyler Murray,QB,ARI,5,318,64,99,9,0,60,60,80.8,25.4
Aaron Rodgers,QB,PIT,16,918,57,96,2,0,57,57,233.2,25.4
Saquon Barkley,RB,PHI,16,773,48,78,36,6,41,43,195.3,25.3
Carson Wentz,QB,MIN,5,300,60,94,4,0,60,60,75.3,25.1
Bam Knight,RB,ARI,10,283,28,40,29,11,37,40,70.9,25.1
C.J. Stroud,QB,HOU,14,868,62,91,6,0,54,54,216.7,25.0
Mac Jones,QB,SF,11,546,50,76,7,0,60,60,136.2,24.9
Aaron Jones Sr.,RB,MIN,12,366,31,55,36,11,44,47,90.7,24.8
Ashton Jeanty,RB,LV,17,771,45,78,35,9,42,44,190.1,24.7
Riley Leonard,QB,IND,5,130,26,43,5,0,56,56,32.0,24.6
Sam Darnold,QB,SEA,17,"1,026",60,96,3,0,50,50,249.4,24.3
Kareem Hunt,RB,KC,17,529,31,48,31,5,34,36,127.4,24.1
Russell Wilson,QB,NYG,6,220,37,53,8,0,62,62,52.8,24.0
Bryce Young,QB,CAR,16,964,60,96,6,0,55,55,229.0,23.8
Davis Mills,QB,HOU,6,292,49,70,4,0,59,59,69.6,23.8
Rashee Rice,WR,KC,8,415,52,73,1,19,14,20,97.1,23.4
Tony Pollard,RB,TEN,17,657,39,62,37,6,42,43,152.8,23.3
Christian Watson,WR,GB,10,418,42,68,0,13,9,13,97.4,23.3
Luke McCaffrey,WR,WAS,8,174,22,35,0,9,6,9,40.3,23.2
Tory Horton,WR,SEA,8,226,28,47,0,10,6,10,52.1,23.1
Nick Chubb,RB,HOU,15,326,22,32,37,6,41,44,75.3,23.1
Tyrone Tracy Jr.,RB,NYG,15,548,37,55,32,9,39,41,124.8,22.8
Joe Flacco,QB,CIN,13,690,53,78,3,0,63,63,156.9,22.7
Tua Tagovailoa,QB,MIA,14,778,56,96,3,0,52,52,175.6,22.6
Michael Penix Jr.,QB,ATL,9,553,61,93,4,0,54,54,123.2,22.3
Woody Marks,RB,HOU,16,571,36,52,34,6,39,41,127.1,22.3
Shedeur Sanders,QB,CLE,8,428,54,92,5,0,54,54,95.0,22.2
Geno Smith,QB,LV,15,863,58,97,5,0,57,57,190.9,22.1
Chuba Hubbard,RB,CAR,15,432,29,47,31,9,38,40,95.4,22.1
Amon-Ra St. Brown,WR,DET,17,939,55,85,0,18,13,19,207.0,22.0
Kimani Vidal,RB,LAC,13,481,37,55,32,5,36,37,101.9,21.2
Tyreek Hill,WR,MIA,4,155,39,69,0,19,14,19,32.5,21.0
Spencer Rattler,QB,NO,9,490,54,81,6,0,59,59,103.1,21.0
Stefon Diggs,WR,NE,17,598,35,55,0,17,14,17,125.3,21.0
George Pickens,WR,DAL,17,968,57,82,0,14,10,14,198.9,20.5
Tyler Huntley,QB,BAL,5,197,39,63,12,0,46,46,40.1,20.4
Justice Hill,RB,BAL,10,219,22,37,8,12,18,21,44.2,20.2
Philip Rivers,QB,IND,3,172,57,97,1,0,55,55,34.7,20.2
Luther Burden III,WR,CHI,15,402,27,40,1,15,13,16,80.9,20.1
Kirk Cousins,QB,ATL,10,543,54,86,3,0,52,52,108.6,20.0
Nico Collins,WR,HOU,15,778,52,77,0,15,9,16,155.2,19.9
Audric Estime,RB,NO,6,181,30,46,25,7,32,33,36.1,19.9
Tee Higgins,WR,CIN,15,769,51,81,0,13,8,13,152.6,19.8
Quinn Ewers,QB,MIA,4,179,45,79,4,1,51,51,35.2,19.7
Tucker Kraft,TE,GB,8,439,55,86,0,10,8,10,85.2,19.4
Dillon Gabriel,QB,CLE,10,372,37,56,4,0,53,53,72.0,19.4
Cam Ward,QB,TEN,17,"1,007",59,95,4,0,57,57,193.7,19.2
Ja'Marr Chase,WR,CIN,16,987,62,94,0,19,13,19,188.6,19.1
Chris Olave,WR,NO,16,887,55,84,0,18,11,18,169.0,19.1
Josh Johnson,QB,WAS,5,138,28,48,9,0,48,48,26.3,19.1
Drake London,WR,ATL,12,709,59,90,0,16,10,16,133.9,18.9
Parker Washington,WR,JAC,16,672,42,62,1,14,10,15,126.7,18.9
George Kittle,TE,SF,11,554,50,80,0,12,10,13,104.5,18.9
Brock Bowers,TE,LV,12,605,50,85,0,14,11,15,112.2,18.5
Trey McBride,TE,ARI,17,"1,033",61,91,0,16,12,16,189.9,18.4
Trey Benson,RB,ARI,4,123,31,48,24,13,34,37,22.4,18.2
Malik Nabers,WR,NYG,4,216,54,78,0,16,8,16,39.1,18.1
Jaylen Waddle,WR,MIA,16,724,45,78,0,14,9,14,130.1,18.0
Rachaad White,RB,TB,17,574,34,51,23,8,30,31,103.0,17.9
Zay Flowers,WR,BAL,17,879,52,87,1,13,11,15,157.3,17.9
Tyjae Spears,RB,TEN,13,374,29,46,19,13,31,33,66.7,17.8
Samaje Perine,RB,CIN,15,346,23,35,24,6,29,30,60.9,17.6
Terry McLaurin,WR,WAS,10,433,43,70,0,14,9,14,76.2,17.6
Jayden Reed,WR,GB,7,170,24,42,2,13,13,15,29.5,17.4
CeeDee Lamb,WR,DAL,14,732,52,73,0,16,10,16,125.9,17.2
A.J. Brown,WR,PHI,15,843,56,91,0,14,9,14,142.3,16.9
Tyquan Thornton,WR,KC,14,368,26,38,0,10,5,10,61.8,16.8
Alec Pierce,WR,IND,15,813,54,86,0,10,6,10,136.3,16.8
Michael Carter,RB,ARI,13,393,30,45,23,11,32,35,66.0,16.8
Troy Franklin,WR,DEN,17,670,39,59,1,16,10,16,112.1,16.7
Quentin Johnston,WR,LAC,14,723,52,77,0,12,7,12,120.2,16.6
Garrett Wilson,WR,NYJ,7,383,55,89,0,15,9,15,63.5,16.6
DK Metcalf,WR,PIT,15,776,52,87,0,13,8,13,128.2,16.5
Tanner McKee,QB,PHI,4,89,22,34,9,0,57,57,14.7,16.5
Deebo Samuel Sr.,WR,WAS,16,713,45,72,2,14,12,16,116.2,16.3
Keenan Allen,WR,LAC,17,630,37,55,0,19,13,19,101.7,16.1
Isiah Pacheco,RB,KC,13,424,33,52,28,6,32,34,68.3,16.1
Hollywood Brown,WR,KC,16,551,34,52,0,13,9,13,88.7,16.1
Devin Neal,RB,NO,9,268,30,45,21,7,28,28,43.0,16.0
Dallas Goedert,TE,PHI,15,787,52,85,0,10,8,10,125.1,15.9
Greg Dortch,WR,ARI,12,292,24,35,2,11,12,14,46.1,15.8
Jameson Williams,WR,DET,17,992,58,90,1,10,7,11,154.9,15.6
KaVontae Turpin,WR,DAL,15,380,25,35,4,10,11,14,58.5,15.4
Michael Wilson,WR,ARI,17,923,54,81,0,14,8,14,142.6,15.4
Mike Evans,WR,TB,8,357,45,65,0,17,8,17,54.8,15.4
Ryan Flournoy,WR,DAL,15,479,32,46,1,12,9,13,74.0,15.4
Marvin Harrison Jr.,WR,ARI,12,566,47,72,0,13,7,13,86.8,15.3
Tetairoa McMillan,WR,CAR,17,925,54,87,0,13,8,13,141.4,15.3
Colston Loveland,TE,CHI,16,701,44,65,0,12,8,12,107.1,15.3
Kayshon Boutte,WR,NE,14,607,43,67,0,8,5,8,91.1,15.0
Emeka Egbuka,WR,TB,17,886,52,78,0,14,7,15,132.7,15.0
Mason Rudolph,QB,PIT,5,113,23,38,6,0,52,52,17.0,15.0
Greg Dulcich,TE,MIA,10,245,25,42,0,13,11,14,36.8,15.0
Jake Tonges,TE,SF,16,399,25,37,0,12,9,12,59.3,14.9
Jauan Jennings,WR,SF,15,795,53,82,0,11,7,11,118.3,14.9
Courtland Sutton,WR,DEN,17,975,57,86,0,13,8,13,145.7,14.9
Khalil Shakir,WR,BUF,16,635,40,60,0,15,11,15,94.4,14.9
Alvin Kamara,RB,NO,11,457,42,63,29,9,36,37,67.7,14.8
Marvin Mims Jr.,WR,DEN,15,379,25,37,3,13,13,17,56.0,14.8
Harold Fannin Jr.,TE,CLE,16,786,49,76,1,14,10,15,114.4,14.6
Trey Lance,QB,LAC,4,100,25,40,17,0,74,74,14.6,14.6
Romeo Doubs,WR,GB,16,780,49,78,0,11,7,11,110.4,14.2
DeVonta Smith,WR,PHI,17,888,52,84,0,13,9,13,124.8,14.1
Colby Parkinson,TE,LAR,15,621,41,61,0,9,7,9,86.8,14.0
Pat Freiermuth,TE,PIT,17,522,31,51,0,10,8,10,72.6,13.9
Zach Ertz,TE,WAS,13,551,42,67,0,13,9,13,76.4,13.9
Rome Odunze,WR,CHI,12,733,61,88,0,12,6,12,102.1,13.9
Rashid Shaheed,WR,SEA,18,705,39,61,1,13,10,14,97.6,13.8
Ty Chandler,RB,MIN,2,42,21,35,40,10,48,50,5.8,13.8
Ladd McConkey,WR,LAC,16,838,52,78,0,13,8,13,114.9,13.7
Hunter Henry,TE,NE,17,869,51,79,0,10,7,10,118.8,13.7
Isaac TeSlaa,WR,DET,17,436,26,40,0,6,4,6,59.9,13.7
Jake Ferguson,TE,DAL,17,786,46,66,0,13,11,13,106.1,13.5
Shane Buechele,QB,KC,1,29,29,45,3,0,52,52,3.9,13.4
Michael Pittman Jr.,WR,IND,17,918,54,86,0,12,9,12,122.4,13.3
Mike Gesicki,TE,CIN,13,321,25,38,0,13,9,13,42.7,13.3
Josh Downs,WR,IND,16,594,37,59,0,15,10,15,78.4,13.2
Jayden Higgins,WR,HOU,17,671,39,58,0,10,6,10,88.5,13.2
Mark Andrews,TE,BAL,17,631,37,62,2,11,9,13,83.0,13.2
Tez Johnson,WR,TB,16,495,31,47,2,9,7,11,64.6,13.1
Oronde Gadsden II,TE,LAC,15,628,42,62,0,11,8,11,82.4,13.1
Jalen Coker,WR,CAR,11,439,40,68,0,10,8,10,57.4,13.1
Travis Kelce,TE,KC,17,902,53,81,0,12,9,12,117.2,13.0
Jordan Addison,WR,MIN,14,714,51,85,0,11,6,11,93.1,13.0
Jalen McMillan,WR,TB,4,138,35,52,1,11,9,12,17.9,13.0
Wan'Dale Robinson,WR,NYG,16,973,61,91,0,14,10,15,125.9,12.9
Sam LaPorta,TE,DET,9,517,57,90,0,9,8,9,66.9,12.9
Kyle Pitts Sr.,TE,ATL,17,961,57,88,0,12,9,12,122.8,12.8
Malik Washington,WR,MIA,17,563,33,57,3,12,11,15,70.7,12.6
Tyler Higbee,TE,LAR,10,366,37,55,0,10,7,10,46.1,12.6
Tyler Warren,TE,IND,17,899,53,84,1,12,9,13,112.5,12.5
Justin Jefferson,WR,MIN,17,941,55,94,0,15,9,15,117.5,12.5
Calvin Austin III,WR,PIT,14,446,32,53,0,12,7,12,55.2,12.4
Chimere Dike,WR,TEN,17,631,37,60,2,12,9,13,78.1,12.4
Brian Thomas Jr.,WR,JAC,14,741,53,78,0,12,7,13,90.8,12.3
DJ Moore,WR,CHI,17,979,58,85,2,9,7,10,120.2,12.3
Brenton Strange,TE,JAC,12,591,49,75,0,10,8,10,72.0,12.2
Juwan Johnson,TE,NO,17,850,50,76,0,12,9,12,102.9,12.1
Calvin Ridley,WR,TEN,7,250,36,58,0,14,7,14,30.3,12.1
Kalif Raymond,WR,DET,15,358,24,37,1,8,7,9,42.8,12.0
Brady Cook,QB,NYJ,5,296,59,98,4,0,56,56,35.4,12.0
Austin Ekeler,RB,WAS,2,69,35,50,20,10,28,30,8.1,11.7
Chris Godwin Jr.,WR,TB,9,428,48,71,0,12,8,12,50.0,11.7
Jakobi Meyers,WR,JAC,16,872,55,85,1,13,9,13,100.8,11.6
Dalton Schultz,TE,HOU,17,827,49,71,0,13,10,13,95.7,11.6
Albert Okwuegbunam Jr.,TE,LV,1,31,31,46,0,19,16,19,3.6,11.6
AJ Barner,TE,SEA,17,827,49,78,1,8,7,9,95.3,11.5
Evan Engram,TE,DEN,16,458,29,42,0,17,11,17,52.8,11.5
Terrance Ferguson,TE,LAR,13,356,27,41,0,7,3,7,41.1,11.5
Dontayvion Wicks,WR,GB,14,408,29,47,0,11,8,12,45.8,11.2
Keon Coleman,WR,BUF,13,576,44,65,0,10,7,10,64.4,11.2
Tre Tucker,WR,LV,17,942,55,95,1,10,7,11,104.7,11.1
Adonai Mitchell,WR,NYJ,16,498,31,50,0,15,7,15,54.9,11.0
Travis Hunter,WR,JAC,7,324,46,67,0,14,9,14,35.8,11.0
Ricky Pearsall,WR,SF,9,480,53,78,0,11,8,11,52.6,11.0
Jalen Nailor,WR,MIN,17,653,38,65,0,8,5,8,71.7,11.0
Tim Patrick,WR,JAC,16,336,21,31,0,7,4,7,36.7,10.9
Noah Fant,TE,CIN,15,379,25,38,0,11,9,11,40.8,10.8
Andy Dalton,QB,CAR,4,97,24,37,5,0,43,43,10.5,10.8
Xavier Worthy,WR,KC,14,645,46,70,2,11,8,13,67.9,10.5
Elijah Moore,WR,BUF,9,186,21,31,3,9,8,12,19.6,10.5
David Njoku,TE,CLE,12,514,43,64,0,9,6,9,53.3,10.4
Dawson Knox,TE,BUF,17,653,38,58,0,8,6,8,67.7,10.4
Mack Hollins,WR,NE,15,657,44,68,0,10,7,10,67.4,10.3
Chig Okonkwo,TE,TEN,17,666,39,63,0,12,8,12,68.0,10.2
Chris Oladokun,QB,KC,3,109,36,72,5,0,55,55,11.1,10.2
Hunter Renfrow,WR,CAR,6,210,35,51,0,12,7,12,20.9,10.0
Josh Oliver,TE,MIN,15,400,27,46,0,5,4,5,40.0,10.0
Isaiah Williams,WR,NYJ,11,329,30,49,1,11,9,12,32.7,9.9
Elic Ayomanor,WR,TEN,16,787,49,80,0,11,5,11,75.5,9.6
Devaughn Vele,WR,NO,13,437,34,51,0,9,6,9,41.3,9.5
Jaylin Lane,WR,WAS,15,348,23,37,0,9,5,9,33.2,9.5
Theo Johnson,TE,NYG,15,872,58,86,0,8,5,8,82.8,9.5
Xavier Hutchinson,WR,HOU,17,672,40,58,0,8,6,9,63.0,9.4
Aidan O'Connell,QB,LV,1,51,51,82,2,0,45,45,4.8,9.4
Kendrick Bourne,WR,SF,16,594,37,57,0,9,6,9,55.1,9.3
Curtis Samuel,WR,BUF,6,151,25,40,0,6,5,6,14.1,9.3
Cooper Kupp,WR,SEA,16,768,48,76,0,9,6,9,70.3,9.2
Pat Bryant,WR,DEN,15,475,32,48,0,10,7,10,43.8,9.2
Matthew Golden,WR,GB,14,452,32,53,2,10,9,12,41.0,9.1
Gunnar Helm,TE,TEN,16,533,33,53,0,10,8,10,47.7,8.9
T.J. Hockenson,TE,MIN,15,691,46,79,0,10,8,10,61.8,8.9
Tyler Johnson,WR,NYJ,12,292,24,39,0,6,4,6,25.7,8.8
Jonnu Smith,TE,PIT,17,536,32,52,2,10,9,12,47.2,8.8
John Metchie III,WR,NYJ,16,445,28,46,1,11,8,11,38.9,8.7
Sterling Shepard,WR,TB,13,495,38,57,1,11,9,12,43.0,8.7
Demarcus Robinson,WR,SF,14,420,30,46,0,8,5,9,36.2,8.6
Xavier Legette,WR,CAR,15,642,43,69,0,10,6,10,54.3,8.5
Michael Mayer,TE,LV,13,465,36,60,0,11,8,11,38.8,8.3
Dyami Brown,WR,JAC,14,356,25,37,2,10,7,12,29.7,8.3
Tyler Lockett,WR,LV,17,498,29,50,0,11,6,11,41.1,8.3
Kevin Austin Jr.,WR,NO,8,242,30,44,0,10,5,10,20.0,8.3
Darius Slayton,WR,NYG,14,755,54,81,0,8,5,8,61.8,8.2
Noah Brown,WR,WAS,4,102,26,40,0,10,5,10,8.3,8.1
Hunter Long,TE,JAC,9,258,29,41,0,7,5,7,20.5,7.9
Olamide Zaccheaus,WR,CHI,16,580,36,53,1,11,7,12,45.8,7.9
Gabe Davis,WR,BUF,6,238,40,58,0,8,5,8,18.9,7.9
Darnell Washington,TE,PIT,16,546,34,57,0,8,6,8,42.4,7.8
Jerry Jeudy,WR,CLE,17,921,54,85,0,12,6,12,70.7,7.7
Joshua Palmer,WR,BUF,12,393,33,49,0,9,6,9,30.3,7.7
Cedric Tillman,WR,CLE,13,515,40,63,0,8,4,8,39.0,7.6
Austin Hooper,TE,NE,16,512,32,50,0,5,4,5,38.3,7.5
Jackson Hawes,TE,BUF,17,487,29,43,0,4,3,4,36.7,7.5
Isaiah Bond,WR,CLE,16,494,31,49,1,9,5,10,36.7,7.4
Mitchell Evans,TE,CAR,17,393,23,37,0,6,5,7,29.2,7.4
Robbie Chosen,WR,WAS,3,72,24,38,0,13,7,13,5.3,7.4
Daniel Bellinger,TE,NYG,16,555,35,51,0,5,3,5,40.6,7.3
Tre' Harris,WR,LAC,17,555,33,49,0,8,6,8,39.4,7.1
Isaiah Likely,TE,BAL,14,488,35,57,0,7,6,7,34.7,7.1
Van Jefferson,WR,TEN,16,583,36,58,0,9,5,9,41.0,7.0
Mason Taylor,TE,NYJ,13,654,50,81,0,10,7,10,44.9,6.9
Elijah Arroyo,TE,SEA,13,316,24,39,0,8,5,8,21.9,6.9
Tyrell Shavers,WR,BUF,17,441,26,39,0,5,3,5,30.5,6.9
Christian Kirk,WR,HOU,13,433,33,49,0,12,6,12,29.9,6.9
Zay Jones,WR,ARI,8,271,34,50,0,7,4,7,18.3,6.8
Andrei Iosivas,WR,CIN,17,851,50,77,0,7,4,7,56.9,6.7
Davis Allen,TE,LAR,17,585,34,52,0,6,4,6,38.8,6.6
Rashod Bateman,WR,BAL,13,551,42,69,0,7,3,7,36.4,6.6
Lil'Jordan Humphrey,WR,DEN,10,329,33,49,0,8,4,8,21.6,6.6
JuJu Smith-Schuster,WR,KC,17,620,36,56,0,7,5,7,40.5,6.5
Jerome Ford,RB,CLE,13,269,21,31,9,12,19,21,17.6,6.5
Jack Bech,WR,LV,15,343,23,39,0,8,6,8,22.4,6.5
Kyle Juszczyk,RB,SF,17,510,30,45,0,5,5,6,33.0,6.5
Charlie Kolar,TE,BAL,17,402,24,40,0,4,2,4,26.2,6.5
Darnell Mooney,WR,ATL,15,778,52,82,0,9,4,9,50.3,6.5
Treylon Burks,WR,WAS,8,292,37,60,0,8,3,8,19.0,6.5
Chris Moore,WR,WAS,14,429,31,49,0,5,3,6,27.6,6.4
Cade Otton,TE,TB,16,993,62,93,0,8,6,8,63.2,6.4
Ja'Tavion Sanders,TE,CAR,13,393,30,49,0,9,7,9,25.0,6.4
Cole Kmet,TE,CHI,16,768,48,70,0,6,4,6,48.7,6.3
Jalen Tolbert,WR,DAL,13,464,36,51,0,7,4,7,28.3,6.1
Elijah Higgins,TE,ARI,17,475,28,42,0,8,6,8,28.1,5.9
Luke Musgrave,TE,GB,17,428,25,41,0,7,6,7,25.2,5.9
Tommy Tremble,TE,CAR,17,636,37,60,0,6,4,6,36.9,5.8
Brock Wright,TE,DET,11,401,36,57,0,5,3,5,22.8,5.7
Jared Wayne,WR,HOU,1,35,35,44,0,6,6,6,2.0,5.7
David Sills V,WR,ATL,17,565,33,52,0,6,3,6,31.1,5.5
Josh Whyle,TE,GB,8,176,22,38,0,3,3,3,9.6,5.5
Jahan Dotson,WR,PHI,17,599,35,57,0,6,3,6,32.2,5.4
Nate Adkins,TE,DEN,9,199,22,33,0,6,3,6,10.8,5.4
Adam Thielen,WR,PIT,16,387,24,39,0,9,5,9,20.6,5.3
Marquez Valdes-Scantling,WR,PIT,10,339,34,48,0,9,4,9,18.0,5.3
Brandin Cooks,WR,BUF,15,537,36,55,0,7,4,7,27.9,5.2
Casey Washington,WR,ATL,7,181,26,40,0,8,3,8,9.4,5.2
Allen Lazard,WR,NYJ,10,250,25,39,0,7,4,7,13.0,5.2
Will Dissly,TE,LAC,9,189,21,31,0,8,6,8,9.7,5.1
Ben Sinnott,TE,WAS,16,341,21,35,0,4,3,4,17.4,5.1
Clayton Tune,QB,GB,2,59,30,60,8,0,34,34,3.0,5.1
Jamari Thrash,WR,CLE,9,216,24,35,0,7,5,7,10.7,5.0
Cooper Rush,QB,BAL,4,116,29,50,3,0,48,48,5.8,5.0
Jeremy Ruckert,TE,NYJ,17,494,29,47,0,6,5,6,23.9,4.8
Isaiah Hodgins,WR,NYG,7,363,52,77,0,5,3,5,17.5,4.8
Luke Farrell,TE,SF,17,404,24,36,0,3,3,3,18.5,4.6
Max Brosmer,QB,MIN,7,178,25,44,4,0,44,44,8.2,4.6
Josh Reynolds,WR,NYJ,5,273,55,83,0,8,4,8,12.1,4.4
Justin Watson,WR,HOU,3,68,23,38,0,6,4,6,3.0,4.4
Mo Alie-Cox,TE,IND,17,419,25,39,0,5,3,5,17.7,4.2
Jordan Whittington,WR,LAR,16,443,28,42,1,6,5,6,18.3,4.1
Konata Mumpfield,WR,LAR,17,375,22,33,0,6,3,6,15.2,4.1
John FitzPatrick,TE,GB,15,335,22,35,0,4,4,4,13.2,3.9
Adam Trautman,TE,DEN,17,651,38,57,0,4,3,4,25.5,3.9
Brandon Allen,QB,TEN,1,49,49,91,0,0,61,61,1.9,3.9
Julian Hill,TE,MIA,14,441,32,55,0,5,3,5,16.0,3.6
Grant Calcaterra,TE,PHI,15,380,25,40,0,3,2,3,13.6,3.6
Ian Thomas,TE,LV,15,318,21,35,0,4,4,4,11.4,3.6
Luke Schoonmaker,TE,DAL,17,391,23,33,0,6,4,6,13.2,3.4
Dont'e Thornton Jr.,WR,LV,15,399,27,45,0,8,3,8,13.5,3.4
John Bates,TE,WAS,15,479,32,51,0,3,2,3,16.3,3.4
Noah Gray,TE,KC,16,545,34,52,0,7,4,7,17.8,3.3
Ray-Ray McCloud III,WR,NYG,6,211,35,52,0,7,3,7,6.9,3.3
Mason Tipton,WR,NO,13,297,23,35,1,6,5,7,9.4,3.2
Jakobie Keeney-James,WR,GB,1,48,48,94,0,4,4,4,1.5,3.1
Cade Stover,TE,HOU,9,263,29,44,2,6,6,8,7.9,3.0
Johnny Mundt,TE,JAC,16,389,24,36,0,5,2,5,11.1,2.9
Drew Sample,TE,CIN,17,595,35,54,0,3,3,4,16.9,2.8
Anthony Firkser,TE,DET,7,187,27,40,0,5,4,5,5.3,2.8
Xavier Weaver,WR,ARI,9,272,30,45,0,5,3,5,6.7,2.5
Nick Westbrook-Ikhine,WR,MIA,15,386,26,44,0,5,3,5,8.9,2.3
Foster Moreau,TE,NO,11,253,23,35,0,4,3,4,5.9,2.3
Cedrick Wilson Jr.,WR,MIA,10,206,21,35,0,4,2,4,4.4,2.1
Jalin Hyatt,WR,NYG,7,171,24,34,0,8,3,8,3.5,2.0
Tip Reiman,TE,ARI,4,98,25,37,0,5,3,5,1.8,1.8
Eric Saubert,TE,SEA,11,276,25,40,0,3,1,3,5.1,1.8
Alec Ingold,RB,MIA,17,363,21,37,1,3,3,4,6.1,1.7
Arian Smith,WR,NYJ,16,376,24,38,1,4,3,5,6.5,1.7
Shane Zylstra,TE,DET,5,164,33,48,0,3,2,3,2.0,1.2
Andre Baccellia,WR,ARI,4,92,23,32,0,4,2,4,0.8,0.9
Charlie Woerner,TE,ATL,17,565,33,52,0,2,1,2,4.8,0.8
Tucker Fisk,TE,LAC,10,233,23,34,0,2,1,2,1.9,0.8
Drake Dabney,TE,GB,2,52,26,53,0,4,2,4,0.3,0.6
Patrick Ricard,RB,BAL,11,274,25,41,0,1,1,1,1.1,0.4
Payne Durham,TE,TB,17,354,21,31,0,1,0,1,1.1,0.3
Russell Gage Jr.,WR,SF,1,28,28,37,0,0,0,0,0.0,0.0