"Rank","Player","TACKLE","ASSIST","SACK","TFL","PD","INT","FF","FR","DEF TD","G","FPTS","FPTS/G","ROST"
"1","Myles Garrett (CLE)","43","17","23","33","1","0","3","0","0","17","265.5","15.6","88.2%"
"2","Brian Burns (NYG)","39","28","16.5","22","7","0","3","1","0","17","227.4","13.4","70.8%"
"3","Maxx Crosby (LV)","45","28","10","28","6","1","2","0","0","15","220.9","14.7","81.2%"
"4","Will Anderson Jr. (HOU)","35","19","12","20","3","0","3","2","1","17","195.5","11.5","73.7%"
"5","Aidan Hutchinson (DET)","36","18","14.5","14","3","1","4","1","0","17","190.3","11.2","76.9%"
"6","Jeffery Simmons (TEN)","39","28","11","17","3","0","3","0","0","15","183.1","12.2","70.4%"
"7","Danielle Hunter (HOU)","28","26","15","15","3","0","3","1","0","17","179.8","10.6","56.0%"
"8","Byron Young (LAR)","45","37","12","12","0","0","1","0","0","17","177.7","10.5","45.8%"
"9","Tuli Tuipulotu (LAC)","33","12","13","20","3","0","2","1","0","16","177.4","11.1","46.2%"
"10","Montez Sweat (CHI)","36","17","10","13","5","0","3","1","0","17","163.1","9.6","29.8%"
"11","Nik Bonitto (DEN)","31","15","14","14","1","0","2","0","0","17","158.7","9.3","53.4%"
"12","Cameron Jordan (NO)","32","15","10.5","15","2","0","2","1","0","17","154.1","9.1","7.9%"
"13","Jared Verse (LAR)","35","24","7.5","11","1","0","3","0","0","17","148.0","8.7","52.6%"
"14","Dallas Turner (MIN)","27","35","8","11","3","0","4","0","0","17","147.3","8.7","33.5%"
"15","DeMarcus Lawrence (SEA)","24","29","6","11","1","0","3","3","2","16","147.1","9.2","19.3%"
"16","Jalen Redmond (MIN)","33","29","6","12","5","0","1","2","0","17","145.2","8.5","18.7%"
"17","Chase Young (NO)","22","16","10","11","4","0","2","3","1","12","144.8","12.1","23.8%"
"18","Laiatu Latu (IND)","27","18","8.5","12","5","3","1","0","0","16","144.7","9.0","24.5%"
"19","Josh Sweat (ARI)","20","10","12","13","2","0","4","1","0","17","141.5","8.3","19.3%"
"20","Cameron Heyward (PIT)","38","40","3.5","9","6","0","1","0","0","17","137.0","8.1","24.1%"
"21","Jordan Davis (PHI)","34","38","4.5","9","6","0","0","0","0","17","135.4","8.0","16.1%"
"22","Carl Granderson (NO)","35","22","6","11","4","1","0","0","0","17","132.0","7.8","30.6%"
"23","Jadeveon Clowney (DAL)","24","17","8.5","12","4","0","1","2","0","13","131.1","10.1","2.8%"
"24","Derrick Brown (CAR)","33","40","5","5","7","0","1","0","0","17","127.0","7.5","28.9%"
"25","Yaya Diaby (TB)","29","21","7","13","1","0","1","0","0","17","125.6","7.4","21.7%"
"26","Josh Hines-Allen (JAC)","28","21","8","12","3","0","0","0","0","17","124.7","7.3","39.6%"
"27","Leonard Williams (SEA)","33","29","7","9","1","0","0","0","0","17","123.5","7.3","25.4%"
"28","Kobie Turner (LAR)","24","23","7","9","3","1","0","1","0","17","117.5","6.9","17.5%"
"29","Jaelan Phillips (PHI)","29","24","5","7","4","0","1","2","0","17","117.4","6.9","19.1%"
"30","James Pearce Jr. (ATL)","17","9","10.5","10","5","0","1","1","0","17","115.0","6.8","12.7%"
"31","Quinnen Williams (DAL)","26","27","2.5","10","1","1","3","0","0","15","113.3","7.6","31.4%"
"32","K'Lavon Chaisson (NE)","18","13","7.5","10","2","0","2","1","1","16","113.1","7.1","4.5%"
"32","Jonathon Cooper (DEN)","23","27","8","8","4","0","0","0","0","17","113.1","6.7","11.5%"
"34","George Karlaftis III (KC)","25","23","6","10","2","0","0","1","0","16","111.1","6.9","17.1%"
"35","Zach Sieler (MIA)","29","18","5.5","10","1","0","0","1","0","17","109.9","6.5","13.8%"
"36","Byron Murphy II (SEA)","22","40","7","7","0","0","0","0","0","17","108.9","6.4","14.9%"
"37","Jonathan Allen (MIN)","29","39","3.5","7","0","0","0","1","0","17","108.6","6.4","9.9%"
"38","Myles Murphy (CIN)","28","24","5.5","6","3","0","0","1","0","17","105.9","6.2","4.6%"
"39","Travis Jones (BAL)","20","27","5","9","2","0","1","1","0","16","104.2","6.5","5.8%"
"40","Greg Rousseau (BUF)","24","22","7","6","2","0","1","0","0","16","102.9","6.4","26.2%"
"41","Tommy Togiai (HOU)","27","32","1.5","6","4","0","0","1","1","15","101.9","6.8","6.3%"
"42","Dre'Mont Jones (BAL)","19","24","7","7","1","0","0","2","0","18","101.7","5.7","4.7%"
"43","Calais Campbell (ARI)","23","20","6.5","9","2","0","0","0","0","17","101.4","6.0","8.3%"
"44","Abdul Carter (NYG)","25","18","4","7","0","0","2","2","0","17","100.8","5.9","37.7%"
"45","Joey Bosa (BUF)","17","12","5","9","2","0","5","0","0","15","100.3","6.7","10.6%"
"46","Jonah Laulu (LV)","24","27","4","8","5","0","0","0","0","17","100.2","5.9","3.2%"
"47","B.J. Hill (CIN)","29","37","4","5","0","0","0","0","0","17","100.1","5.9","2.7%"
"47","Will McDonald IV (NYJ)","19","11","8","10","0","0","0","0","0","15","100.1","6.7","12.9%"
"49","Keeanu Benton (PIT)","25","26","5.5","6","1","0","1","0","0","17","99.9","5.9","3.4%"
"50","Alex Wright (CLE)","21","14","5.5","12","1","0","1","0","0","14","99.8","7.1","6.8%"
"51","Joseph Ossai (CIN)","21","22","5","9","0","0","2","0","0","14","98.9","7.1","3.0%"
"52","Odafe Oweh (LAC)","20","18","7.5","9","0","0","0","0","0","17","96.6","5.7","12.9%"
"53","DeForest Buckner (IND)","30","17","4","9","0","0","0","0","0","10","96.5","9.6","34.1%"
"54","Gervon Dexter Sr. (CHI)","21","23","6","6","0","0","0","2","0","17","96.2","5.7","4.3%"
"55","Al-Quadin Muhammad (DET)","15","8","11","9","0","0","0","0","0","17","95.2","5.6","1.9%"
"56","Tyree Wilson (LV)","25","10","4","8","1","0","2","1","0","17","94.8","5.6","2.1%"
"57","Chris Jones (KC)","15","14","7","12","2","0","0","0","0","17","94.4","5.6","19.0%"
"58","Nic Scourton (CAR)","20","27","5","7","1","0","1","0","0","17","93.8","5.5","7.6%"
"59","Brandon Dorlus (ATL)","15","12","8.5","11","0","0","0","0","0","15","93.4","6.2","2.4%"
"60","A'Shawn Robinson (CAR)","21","44","2.5","3","3","0","0","1","0","17","91.0","5.4","5.2%"
"61","Daron Payne (WAS)","20","26","3","7","5","0","1","0","0","15","90.9","6.1","4.1%"
"62","David Onyemata (ATL)","29","33","1","7","0","0","0","0","0","17","90.2","5.3","1.8%"
"63","Grover Stewart (IND)","23","32","0.5","5","4","1","1","0","0","17","88.6","5.2","2.9%"
"63","Jonathan Greenard (MIN)","19","19","3","10","3","0","1","0","0","12","88.6","7.4","32.6%"
"65","Zach Allen (DEN)","14","24","7","4","6","0","0","0","0","17","86.4","5.1","20.2%"
"66","Javon Hargrave (MIN)","18","34","3.5","4","0","0","1","1","0","16","84.9","5.3","3.5%"
"67","Jowon Briggs (NYJ)","19","20","4","8","0","0","1","0","0","17","83.9","4.9","1.5%"
"68","Mason Graham (CLE)","28","21","0.5","7","4","0","0","0","0","17","83.7","4.9","8.4%"
"69","Justin Eboigbe (LAC)","22","11","6","7","0","0","0","0","0","17","83.2","4.9","1.2%"
"70","Moro Ojomo (PHI)","17","21","6","6","1","0","0","0","0","17","82.3","4.8","1.7%"
"71","DJ Wonnum (CAR)","19","23","3","4","3","1","0","1","0","16","81.6","5.1","4.4%"
"72","Harrison Phillips (NYJ)","22","37","0.5","5","1","0","1","0","0","17","81.2","4.8","2.4%"
"73","Vita Vea (TB)","17","17","4.5","7","2","0","0","1","0","17","81.1","4.8","4.1%"
"74","Travon Walker (JAC)","19","19","3.5","8","2","0","0","0","0","14","80.0","5.7","25.4%"
"75","Jer'Zhan Newton (WAS)","21","17","5","4","1","0","1","0","0","17","79.9","4.7","2.7%"
"76","Nathan Shepherd (NO)","23","24","3","4","0","0","1","0","0","16","78.9","4.9","1.3%"
"77","Anthony Nelson (TB)","17","15","3","3","2","1","2","0","1","15","78.5","5.2","1.4%"
"78","LaCale London (ATL)","17","13","5","7","1","0","1","0","0","13","78.4","6.0","1.2%"
"79","Maliek Collins (CLE)","15","10","6.5","7","0","0","0","1","0","12","77.7","6.5","3.1%"
"80","Donovan Ezeiruaku (DAL)","20","20","2","8","0","0","1","0","0","17","77.5","4.6","9.5%"
"81","Sam Okuayinonu (SF)","23","15","3","6","0","0","1","0","0","15","77.1","5.1","1.3%"
"82","Sam Williams (DAL)","23","13","1","7","2","0","1","1","0","17","76.9","4.5","2.0%"
"83","Jermaine Johnson II (NYJ)","22","21","3","5","2","0","0","0","0","14","76.6","5.5","5.6%"
"84","Deone Walker (BUF)","17","22","1","8","4","0","0","1","0","17","76.5","4.5","1.8%"
"85","Jalen Carter (PHI)","21","12","3","5","7","0","0","0","0","12","75.8","6.3","33.6%"
"86","T.J. Slaton Jr. (CIN)","19","33","3","4","0","0","0","0","0","17","75.7","4.5","0.9%"
"87","Levi Drake Rodriguez (MIN)","19","24","2","8","0","0","0","0","0","16","75.0","4.7","1.5%"
"88","Arik Armstead (JAC)","13","15","5.5","7","0","0","1","0","0","16","74.8","4.7","2.3%"
"88","Sebastian Joseph-Day (TEN)","22","19","2","6","0","0","0","1","0","17","74.8","4.4","1.0%"
"90","Osa Odighizuwa (DAL)","16","28","3.5","6","0","0","0","0","0","17","74.3","4.4","3.3%"
"91","Bryce Huff (SF)","14","16","4","6","1","0","2","0","0","15","73.9","4.9","1.3%"
"91","Colby Wooden (GB)","26","24","0","6","1","0","0","0","0","17","73.9","4.3","1.5%"
"93","John Franklin-Myers (DEN)","12","13","7.5","6","0","0","0","0","0","16","73.3","4.6","4.2%"
"94","Sheldon Rankins (HOU)","15","20","3","5","0","0","0","1","1","17","72.2","4.2","2.1%"
"95","Kwity Paye (IND)","15","24","4","6","0","0","0","0","0","17","71.9","4.2","3.3%"
"96","Bryan Bresee (NO)","15","22","2.5","5","4","0","1","0","0","15","71.8","4.8","2.0%"
"97","Jihad Ward (TEN)","15","16","5","4","4","0","0","0","0","17","70.9","4.2","1.0%"
"98","Neville Gallimore (IND)","18","20","3.5","4","3","0","0","0","0","17","70.7","4.2","2.1%"
"99","Dorance Armstrong Jr. (WAS)","16","8","5.5","7","0","0","0","0","0","7","69.6","9.9","19.1%"
"100","Poona Ford (LAR)","19","28","2","4","1","0","0","0","0","17","69.4","4.1","4.8%"
"101","D.J. Jones (DEN)","21","18","3","4","1","0","0","0","0","16","68.8","4.3","2.7%"
"102","Milton Williams (NE)","15","14","3.5","8","1","0","0","0","0","12","68.7","5.7","11.5%"
"103","Adam Butler (LV)","20","30","1","3","0","0","0","1","0","15","68.4","4.6","3.8%"
"104","A.J. Epenesa (BUF)","15","14","2.5","2","4","2","0","1","0","16","68.1","4.3","1.1%"
"105","Eyioma Uwazurike (DEN)","16","23","3.5","5","0","0","0","0","0","17","68.0","4.0","4.0%"
"106","Haason Reddick (TB)","18","13","2.5","6","1","0","1","0","0","13","67.8","5.2","6.1%"
"107","Isaiah McGuire (CLE)","17","13","2","8","0","0","1","0","0","17","67.6","4.0","1.9%"
"108","Kenny Clark (DAL)","17","19","3","6","0","0","0","0","0","17","67.2","4.0","3.4%"
"108","Javon Kinlaw (WAS)","24","19","0","5","0","0","1","0","0","17","67.2","4.0","2.6%"
"110","Dondrea Tillman (DEN)","8","22","4","3","3","2","0","0","0","17","66.9","3.9","0.7%"
"111","John Jenkins (BAL)","16","23","1","3","1","0","2","1","0","17","66.7","3.9","2.7%"
"112","Malcolm Koonce (LV)","12","15","4.5","6","0","0","1","0","0","17","66.6","3.9","1.3%"
"113","Malcolm Roach (DEN)","15","26","4","3","0","0","0","0","0","13","65.9","5.1","6.7%"
"114","Derek Barnett (HOU)","13","8","5","8","0","0","0","0","0","17","65.7","3.9","0.6%"
"114","Devonte Wyatt (GB)","15","12","4","6","2","0","0","0","0","10","65.7","6.6","5.8%"
"116","Da'Shawn Hand (LAC)","18","11","1.5","5","4","1","0","0","0","13","65.0","5.0","2.2%"
"117","Teair Tart (LAC)","22","10","0","4","4","0","1","1","0","17","64.8","3.8","2.1%"
"118","Kingsley Enagbare (GB)","16","22","2","6","0","0","0","0","0","16","63.8","4.0","1.5%"
"119","Adetomiwa Adebawore (IND)","12","17","4","5","0","0","0","1","0","17","63.5","3.7","1.6%"
"120","Zach Harrison (ATL)","9","13","4.5","5","1","0","2","0","0","7","63.4","9.1","10.5%"
"120","Tavius Robinson (BAL)","15","13","4.5","3","1","0","1","0","0","10","63.4","6.3","2.7%"
"122","Thomas Booker IV (LV)","16","28","0","1","5","0","1","1","0","17","63.3","3.7","2.4%"
"123","Shelby Harris (CLE)","15","17","1","7","4","0","0","0","0","17","63.2","3.7","3.4%"
"124","Arnold Ebiketie (ATL)","17","19","2","5","1","0","0","0","0","17","62.1","3.7","2.8%"
"125","Chris Rumph II (NO)","19","16","2","3","1","0","1","0","0","17","61.9","3.6","0.7%"
"126","Darius Robinson (ARI)","15","28","1","4","0","0","0","1","0","16","61.8","3.9","1.2%"
"127","Boye Mafe (SEA)","11","20","2","4","5","0","1","0","0","17","61.4","3.6","17.1%"
"128","Logan Hall (TB)","18","21","1.5","2","1","0","1","0","0","17","59.7","3.5","3.3%"
"129","Byron Young (PHI)","13","24","2.5","3","0","0","0","1","0","17","59.5","3.5","0.8%"
"130","Charles Omenihu (KC)","15","13","3.5","5","0","0","0","0","0","17","59.0","3.5","1.1%"
"131","Braden Fiske (LAR)","11","19","3","4","1","0","0","1","0","17","58.6","3.4","3.2%"
"131","Ashton Gillotte (KC)","14","23","1.5","3","1","1","0","0","0","17","58.6","3.4","1.4%"
"133","T'Vondre Sweat (TEN)","16","18","2","4","1","0","0","0","0","12","57.3","4.8","2.3%"
"134","Dexter Lawrence II (NYG)","14","17","0.5","4","4","1","0","0","0","17","57.2","3.4","22.4%"
"135","Andrew Billings (CHI)","19","12","1","6","0","0","0","0","0","17","56.8","3.3","2.0%"
"136","Tyler Davis (LAR)","14","29","1","1","2","0","0","1","0","17","56.6","3.3","1.0%"
"137","Jaylen Harrell (TEN)","10","9","4.5","5","0","0","1","0","0","17","56.5","3.3","1.9%"
"138","DaQuan Jones (BUF)","11","11","3","3","2","1","1","0","0","12","56.4","4.7","1.8%"
"139","Jamaree Caldwell (LAC)","14","17","1","5","1","0","1","0","0","17","55.9","3.3","1.0%"
"140","Chop Robinson (MIA)","10","11","4","4","1","0","1","0","0","15","55.1","3.7","14.0%"
"141","Clelin Ferrell (SF)","13","12","4","4","0","0","0","0","0","9","54.7","6.1","0.7%"
"142","Arden Key (TEN)","9","13","4","6","0","0","0","0","0","12","54.5","4.5","2.5%"
"143","Kayvon Thibodeaux (NYG)","13","12","2.5","5","2","0","0","0","0","10","54.3","5.4","18.9%"
"144","Ruke Orhorhoro (ATL)","12","13","3.5","4","1","0","0","0","0","17","53.6","3.2","1.4%"
"145","Nolan Smith Jr. (PHI)","15","16","3","1","0","0","1","0","0","12","53.2","4.4","10.6%"
"145","Kris Jenkins Jr. (CIN)","18","18","1.5","2","1","0","0","0","0","14","53.2","3.8","0.8%"
"147","Grady Jarrett (CHI)","14","25","1.5","1","3","0","0","0","0","14","53.1","3.8","2.4%"
"148","Josaiah Stewart (LAR)","13","9","3","3","2","0","1","0","0","17","53.0","3.1","1.1%"
"149","Elijah Ponder (NE)","9","6","4","4","0","0","0","2","0","15","52.2","3.5","1.0%"
"150","Davon Godchaux (NO)","14","29","0","2","0","0","1","0","0","17","52.0","3.1","1.3%"
"151","Christian Barmore (NE)","15","14","2","4","0","0","0","0","0","17","51.1","3.0","1.7%"
"152","Kenneth Grant (MIA)","15","18","2","2","1","0","0","0","0","17","51.0","3.0","1.9%"
"153","Jack Sawyer (PIT)","11","9","1","3","4","2","0","0","0","17","50.9","3.0","1.3%"
"154","DaVon Hamilton (JAC)","15","22","1","3","0","0","0","0","0","17","50.8","3.0","2.0%"
"155","Roy Lopez (DET)","11","19","2","4","1","0","0","0","0","17","50.5","3.0","1.6%"
"156","Ed Oliver (BUF)","10","2","3","7","0","0","1","0","0","3","50.1","16.7","21.1%"
"156","Tershawn Wharton (CAR)","11","25","2","2","1","0","0","0","0","9","50.1","5.6","2.8%"
"158","Roy Robertson-Harris (NYG)","19","16","0","3","1","0","0","0","0","17","49.9","2.9","1.8%"
"159","Derick Hall (SEA)","11","19","2","3","2","0","0","0","0","14","49.6","3.5","3.2%"
"160","Nick Bosa (SF)","9","8","2","4","0","0","2","1","0","3","49.5","16.5","70.1%"
"161","Jarran Reed (SEA)","11","20","2.5","3","0","0","0","0","0","13","49.3","3.8","1.8%"
"161","Trey Hendrickson (CIN)","11","5","4","3","1","0","1","0","0","7","49.3","7.0","46.2%"
"163","Derrick Harmon (PIT)","11","16","3","1","1","0","0","1","0","12","48.7","4.1","2.0%"
"164","Walter Nolen III (ARI)","8","3","2","5","2","0","0","1","1","6","47.8","8.0","5.1%"
"165","Darius Alexander (NYG)","9","11","3.5","4","1","0","0","0","0","16","47.5","3.0","1.3%"
"166","Tonka Hemingway (LV)","8","1","4","5","1","0","0","1","0","9","46.8","5.2","0.8%"
"167","Dante Fowler Jr. (DAL)","10","5","3","4","3","0","0","0","0","17","45.5","2.7","1.5%"
"167","Kalia Davis (SF)","10","18","0.5","4","3","0","0","0","0","17","45.5","2.7","1.4%"
"169","Dante Stills (ARI)","17","17","0","2","1","0","0","0","0","17","45.2","2.7","1.0%"
"170","Bobby Brown III (CAR)","13","18","0.5","3","1","0","0","0","0","17","44.2","2.6","1.1%"
"171","Mike Danna (KC)","8","17","1","3","1","1","0","0","0","15","43.1","2.9","1.2%"
"171","Cory Durden (NE)","10","20","0","5","0","0","0","0","0","17","43.1","2.5","0.7%"
"173","Rakeem Nunez-Roches Sr. (NYG)","6","17","3","3","1","0","0","0","0","9","43.0","4.8","1.5%"
"174","Jonah Williams (NO)","7","10","3","5","0","0","0","0","0","15","42.8","2.9","0.7%"
"175","Dalvin Tomlinson (ARI)","13","13","1","3","1","0","0","0","0","17","42.7","2.5","1.5%"
"176","Yahya Black (PIT)","10","18","0","0","1","0","2","1","0","17","42.3","2.5","0.6%"
"177","Jonathan Bullard (NO)","12","14","0","4","2","0","0","0","0","15","41.9","2.8","1.8%"
"178","Princely Umanmielen (CAR)","10","10","1.5","2","0","0","1","1","0","16","41.8","2.6","1.6%"
"179","Alfred Collins (SF)","4","13","1","1","2","0","2","2","0","16","41.5","2.6","1.3%"
"180","Greg Gaines (TB)","12","10","2","3","0","0","0","0","0","17","41.3","2.4","0.7%"
"181","Chris Braswell (TB)","15","6","1","4","0","0","0","0","0","17","41.2","2.4","1.0%"
"182","Dawuane Smoot (JAC)","10","13","2","3","0","0","0","0","0","17","40.6","2.4","0.8%"
"183","Kentavius Street (ATL)","11","10","2","3","0","0","0","0","0","7","39.7","5.7","1.2%"
"183","Elijah Roberts (TB)","10","4","2","2","3","0","0","1","0","17","39.7","2.3","0.9%"
"185","Cameron Thomas (CLE)","7","20","2.5","1","0","0","0","0","0","17","38.3","2.3","1.4%"
"186","Micheal Clemons (NYJ)","9","13","1","3","2","0","0","0","0","16","38.0","2.4","1.4%"
"187","Mykel Williams (SF)","11","9","1","4","0","0","0","0","0","9","37.6","4.2","7.4%"
"188","Solomon Thomas (DAL)","10","17","0","3","1","0","0","0","0","16","37.0","2.3","0.8%"
"189","Denico Autry (HOU)","5","3","3.5","3","1","0","1","0","0","12","36.9","3.1","1.3%"
"189","Lukas Van Ness (GB)","12","7","1.5","3","0","0","0","0","0","9","36.9","4.1","5.3%"
"191","Eddie Goldman (WAS)","10","15","0","4","0","0","0","0","0","13","36.6","2.8","1.0%"
"191","Cameron Sample (CIN)","9","8","2","2","0","0","1","0","0","14","36.6","2.6","1.3%"
"191","P.J. Mustipher (ARI)","11","21","0","1","1","0","0","0","0","15","36.6","2.4","0.7%"
"194","Jerry Tillery (KC)","8","12","1.5","2","0","0","0","1","0","17","36.2","2.1","0.7%"
"195","Tyquan Lewis (IND)","5","6","3","4","1","0","0","0","0","13","35.8","2.8","0.8%"
"195","James Lynch (TEN)","14","11","0.5","1","1","0","0","0","0","17","35.8","2.1","1.9%"
"197","Keion White (SF)","7","11","1.5","2","1","0","0","1","0","14","35.7","2.6","1.5%"
"198","Dominique Robinson (CHI)","11","7","1.5","3","0","0","0","0","0","11","35.5","3.2","2.4%"
"199","Tyleik Williams (DET)","8","10","1","2","4","0","0","0","0","17","34.7","2.0","2.2%"
"200","Jordan Phillips (MIA)","8","26","0","1","0","0","0","0","0","17","34.4","2.0","0.9%"
"201","C.J. West (SF)","12","9","1","2","0","0","0","0","0","11","34.0","3.1","1.0%"
"202","Khyiris Tonga (NE)","9","16","0","2","2","0","0","0","0","14","33.9","2.4","1.0%"
"202","Chauncey Golston (NYG)","9","5","1","5","0","0","0","0","0","10","33.9","3.4","0.9%"
"204","Josh Uche (PHI)","12","7","1","2","1","0","0","0","0","11","33.8","3.1","4.2%"
"205","Jordan Elliott (SF)","8","23","0","1","1","0","0","0","0","16","33.6","2.1","0.7%"
"206","Karl Brooks (GB)","8","20","0.5","1","1","0","0","0","0","15","33.4","2.2","1.1%"
"207","Dayo Odeyingbo (CHI)","9","12","1","2","1","0","0","0","0","8","33.2","4.2","2.2%"
"208","Tim Settle Jr. (HOU)","6","9","1","3","3","0","0","0","0","12","32.1","2.7","0.7%"
"209","Larry Ogunjobi (BUF)","10","9","0","4","0","0","0","0","0","10","31.9","3.2","0.6%"
"210","Marshawn Kneeland (DAL)","6","6","1","3","0","0","0","0","0","7","31.3","4.5","0.7%"
"211","Jordan Burch (ARI)","4","17","1","1","3","0","0","0","0","17","30.0","1.8","1.1%"
"212","Dylan Horton (HOU)","8","12","0.5","1","0","0","1","0","0","16","29.8","1.9","1.4%"
"213","DJ Reader (DET)","11","17","0","0","0","0","0","0","0","17","29.6","1.7","2.1%"
"214","Brent Urban (BAL)","7","12","0.5","3","0","0","0","0","0","15","29.2","1.9","1.0%"
"214","Barryn Sorrell (GB)","7","8","1.5","1","0","0","0","1","0","13","29.2","2.2","1.9%"
"216","Alim McNeill (DET)","5","9","1","2","1","0","1","0","0","10","29.0","2.9","2.1%"
"217","Emmanuel Ogbah (JAC)","6","9","0.5","2","1","0","0","1","0","13","28.5","2.2","1.4%"
"218","Mike Pennel Jr. (KC)","8","18","0","1","0","0","0","0","0","16","28.4","1.8","1.7%"
"219","Zeek Biggers (MIA)","6","14","1.5","1","0","0","0","0","0","9","28.3","3.1","0.9%"
"220","Benito Jones (MIA)","6","9","1","2","1","0","0","0","0","14","26.6","1.9","1.1%"
"221","Otito Ogbonnia (LAC)","8","3","0.5","4","0","0","0","0","0","9","26.3","2.9","2.1%"
"222","Brandon Graham (PHI)","4","4","3","2","0","0","0","0","0","9","26.1","2.9","4.7%"
"223","Mario Edwards Jr. (HOU)","6","7","1.5","2","0","0","0","0","0","14","25.5","1.8","1.1%"
"224","T.J. Sanders (BUF)","7","9","1","1","1","0","0","0","0","12","25.4","2.1","1.0%"
"225","Desjuan Johnson (LAR)","4","8","2","2","0","0","0","0","0","6","25.1","4.2","0.8%"
"226","Joshua Farmer (NE)","7","8","0","1","1","0","0","1","0","13","24.8","1.9","0.6%"
"227","Sam Roberts (ATL)","6","12","1","1","0","0","0","0","0","5","24.7","4.9","2.0%"
"228","Tyler Lacy (DET)","6","15","1","0","0","0","0","0","0","10","24.5","2.5","1.0%"
"229","Trevis Gipson (CAR)","5","7","1","1","0","0","0","1","0","13","23.5","1.8","1.2%"
"230","Shemar Stewart (CIN)","5","6","1","2","1","0","0","0","0","8","22.7","2.8","2.4%"
"230","Tyrion Ingram-Dawkins (MIN)","5","6","1","2","1","0","0","0","0","14","22.7","1.6","0.8%"
"232","Truman Jones (TEN)","3","7","1.5","2","1","0","0","0","0","9","22.5","2.5","1.3%"
"233","Mike Hall Jr. (CLE)","4","7","1.5","2","0","0","0","0","0","7","22.4","3.2","1.2%"
"234","Leki Fotu (HOU)","3","8","1","3","0","0","0","0","0","8","22.1","2.8","1.1%"
"234","B.J. Green II (JAC)","3","6","2","2","0","0","0","0","0","11","22.1","2.0","1.3%"
"236","Nnamdi Madubuike (BAL)","5","2","2","2","0","0","0","0","0","2","22.0","11.0","19.7%"
"237","Austin Johnson (JAC)","4","8","1","0","1","0","1","0","0","15","21.8","1.5","0.9%"
"237","Patrick Jones II (CAR)","6","3","1","2","1","0","0","0","0","4","21.8","5.5","2.0%"
"239","Chris Williams (CHI)","6","8","1","1","0","0","0","0","0","14","21.7","1.6","0.8%"
"240","Marcus Davenport (DET)","6","8","1","1","0","0","0","0","0","8","21.6","2.7","0.6%"
"241","Jordan Phillips (BUF)","5","4","1","2","1","0","0","0","0","11","21.2","1.9","1.0%"
"242","C.J. Okoye (BAL)","7","8","0","1","1","0","0","0","0","10","20.8","2.1","1.0%"
"243","Larrell Murchison (LAR)","2","6","2","2","0","0","0","0","0","16","20.7","1.3","1.0%"
"244","Danny Striggow (JAC)","5","9","0.5","0","0","0","0","1","0","10","20.4","2.0","0.7%"
"245","Naquan Jones (HOU)","8","5","0","1","1","0","0","0","0","11","20.0","1.8","0.7%"
"246","Jalyn Holmes (WAS)","5","16","0","0","0","0","0","0","0","10","19.8","2.0","0.7%"
"246","Michael Hoecht (BUF)","2","3","2","1","0","0","1","0","0","2","19.8","9.9","2.2%"
"248","Derrick Nnadi (KC)","10","6","0","0","0","0","0","0","0","15","19.6","1.3","0.7%"
"249","Khalen Saunders Sr. (NYJ)","5","7","1","1","0","0","0","0","0","9","19.3","2.1","0.6%"
"249","Shy Tuttle (WAS)","7","8","0","1","0","0","0","0","0","12","19.3","1.6","1.1%"
"251","Oluwafemi Oladejo (TEN)","5","8","0","2","0","0","0","0","0","6","18.7","3.1","1.5%"
"252","Folorunso Fatukasi (HOU)","5","3","1.5","1","0","0","0","0","0","4","18.4","4.6","0.6%"
"253","JJ Pegues (LV)","4","7","0","1","0","0","0","1","0","9","18.0","2.0","0.7%"
"254","Tyrus Wheat (DET)","2","1","1.5","1","1","0","1","0","0","12","17.8","1.5","0.7%"
"255","Zach Carter (ARI)","5","8","0","0","0","0","1","0","0","4","17.6","4.4","6.2%"
"256","BJ Ojulari (ARI)","6","2","1","1","0","0","0","0","0","8","17.1","2.1","1.0%"
"257","Warren Brinson (GB)","6","7","0.5","0","0","0","0","0","0","11","16.4","1.5","0.8%"
"258","Esezi Otomewo (PIT)","4","5","1","1","0","0","0","0","0","12","16.3","1.4","1.9%"
"259","Leonard Taylor III (NE)","5","6","0","1","1","0","0","0","0","5","16.1","3.2","0.7%"
"259","Maason Smith (JAC)","4","11","0","0","1","0","0","0","0","13","16.1","1.2","1.3%"
"261","DJ Davidson (NYG)","6","3","0","1","1","0","0","0","0","7","15.4","2.2","1.0%"
"262","LaBryan Ray (CAR)","7","6","0","0","0","0","0","0","0","13","15.3","1.2","1.3%"
"263","Chris Wormley (IND)","4","3","1","1","0","0","0","0","0","5","14.8","3.0","0.9%"
"263","Elijah Garcia (ATL)","2","7","1","1","0","0","0","0","0","7","14.8","2.1","1.3%"
"265","Sheldon Day (WAS)","6","7","0","0","0","0","0","0","0","10","14.4","1.4","1.0%"
"265","Matthew Butler (MIA)","7","5","0","0","0","0","0","0","0","12","14.4","1.2","2.9%"
"267","Sam Kamara (CLE)","3","3","0","3","0","0","0","0","0","4","14.3","3.6","2.4%"
"268","David Ojabo (BAL)","4","8","0.5","0","0","0","0","0","0","14","14.2","1.0","3.2%"
"269","Shemar Turner (CHI)","6","0","0","2","0","0","0","0","0","5","14.0","2.8","0.9%"
"270","Tanoh Kpassagnon (CHI)","4","1","1","1","0","0","0","0","0","4","13.3","3.3","1.0%"
"270","Omarr Norman-Lott (KC)","4","1","1","1","0","0","0","0","0","5","13.3","2.7","0.8%"
"272","John Ridgeway III (NO)","3","8","0","1","0","0","0","0","0","5","13.2","2.6","1.4%"
"273","Matt Dickerson (JAC)","2","8","0","1","1","0","0","0","0","8","13.1","1.6","1.1%"
"273","Tyler Baron (NYJ)","5","4","0","1","0","0","0","0","0","6","13.1","2.2","0.7%"
"275","Jay Tufele (NYJ)","5","7","0","0","0","0","0","0","0","12","13.0","1.1","0.8%"
"276","Phidarian Mathis (BUF)","4","9","0","0","0","0","0","0","0","6","12.8","2.1","1.5%"
"277","Adin Huntington (CLE)","4","6","0.5","0","0","0","0","0","0","13","12.7","1.0","0.8%"
"278","Javontae Jean-Baptiste (WAS)","2","4","1","1","0","0","0","0","0","3","12.6","4.2","1.0%"
"279","Ricky Barber (WAS)","2","3","1","1","0","0","0","0","0","2","11.8","5.9","0.7%"
"280","Khalid Kareem (ATL)","3","4","0","1","1","0","0","0","0","4","11.6","2.9","1.9%"
"281","JT Tuimoloau (IND)","2","7","0","1","0","0","0","0","0","12","11.0","0.9","2.5%"
"282","Payton Page (NYJ)","5","1","0","1","0","0","0","0","0","4","10.8","2.7","1.0%"
"283","Nazir Stackhouse (GB)","2","10","0","0","0","0","0","0","0","13","10.7","0.8","0.6%"
"284","Caleb Murphy (NE)","4","3","0.5","0","0","0","0","0","0","9","10.4","1.2","1.3%"
"285","Patrick Johnson (PHI)","2","1","1","1","0","0","0","0","0","9","10.3","1.1","1.0%"
"286","Eric Johnson II (IND)","4","2","0","1","0","0","0","0","0","12","10.1","0.8","1.9%"
"287","Yetur Gross-Matos (SF)","3","5","0","0","1","0","0","0","0","8","9.9","1.2","0.6%"
"288","Tyler Batty (MIN)","2","2","0","2","0","0","0","0","0","10","9.6","1.0","0.7%"
"289","Chaz Chambliss (MIN)","2","0","1","1","0","0","0","0","0","7","9.5","1.4","1.0%"
"290","C.J. Ravenell (TEN)","1","5","0","0","0","0","1","0","0","14","9.4","0.7","1.0%"
"290","Elijah Simmons (TB)","3","3","0","1","0","0","0","0","0","9","9.4","1.0","1.3%"
"292","Ty Hamilton (LAR)","1","10","0","0","0","0","0","0","0","14","9.2","0.7","0.8%"
"293","Daniel Ekuale (PIT)","4","2","0","0","1","0","0","0","0","7","9.1","1.3","0.6%"
"294","Brandon Pili (SEA)","0","11","0","0","0","0","0","0","0","14","8.5","0.6","0.8%"
"294","Howard Cross III (CIN)","2","2","0","0","0","0","0","1","0","4","8.5","2.1","0.6%"
"296","Cam Jackson (CAR)","2","7","0","0","0","0","0","0","0","10","8.4","0.8","0.8%"
"297","DeAngelo Malone (ATL)","0","2","0","0","1","1","0","0","0","7","8.1","1.2","2.5%"
"298","Ta'Quon Graham (ATL)","3","1","0","1","0","0","0","0","0","2","7.8","3.9","14.6%"
"299","Robert Beal Jr. (SF)","1","8","0","0","0","0","0","0","0","7","7.7","1.1","0.8%"
"300","Jordan Jackson (DEN)","3","4","0","0","0","0","0","0","0","5","7.6","1.5","5.0%"
"301","Deatrich Wise Jr. (WAS)","2","2","0","1","0","0","0","0","0","2","7.1","3.6","7.6%"
"302","Eric Gregory (NE)","1","7","0","0","0","0","0","0","0","6","6.9","1.2","0.7%"
"303","C.J. Brewer (TB)","2","2","0.5","0","0","0","0","0","0","5","6.5","1.3","1.0%"
"304","Jonathan Ford (GB)","2","4","0","0","0","0","0","0","0","9","6.1","0.7","1.6%"
"304","Zacch Pickens (KC)","3","2","0","0","0","0","0","0","0","3","6.1","2.0","5.6%"
"304","Ty Robinson (PHI)","1","4","0","0","1","0","0","0","0","9","6.1","0.7","1.5%"
"304","Elijah Williams (MIN)","3","2","0","0","0","0","0","0","0","7","6.1","0.9","0.7%"
"308","Logan Lee (PIT)","2","0","0","0","2","0","0","0","0","7","6.0","0.9","0.7%"
"309","Zion Logue (BUF)","1","1","0.5","0","1","0","0","0","0","3","5.8","1.9","2.2%"
"310","Jeremiah Pharms Jr. (NE)","1","2","0","1","0","0","0","0","0","3","5.6","1.9","8.1%"
"310","Anthony Goodlow (ARI)","1","2","0","1","0","0","0","0","0","3","5.6","1.9","0.7%"
"312","Pat O'Connor (DET)","2","1","0","0","1","0","0","0","0","8","5.3","0.7","0.9%"
"312","Broderick Washington Jr. (BAL)","1","3","0","0","1","0","0","0","0","3","5.3","1.8","3.1%"
"312","McKinnley Jackson (CIN)","0","7","0","0","0","0","0","0","0","9","5.3","0.6","1.3%"
"312","Aeneas Peebles (BAL)","2","1","0","0","1","0","0","0","0","6","5.3","0.9","1.0%"
"316","Josh Tupou (BAL)","1","4","0","0","0","0","0","0","0","3","4.6","1.5","0.9%"
"316","Quinton Bohanna (GB)","1","4","0","0","0","0","0","0","0","6","4.6","0.8","0.7%"
"316","Bo Richter (MIN)","1","2","0","0","1","0","0","0","0","12","4.6","0.4","0.8%"
"319","Calijah Kancey (TB)","1","0","0","1","0","0","0","0","0","3","4.0","1.3","19.5%"
"319","Sai'vion Jones (DEN)","0","0","0","0","0","0","0","1","0","3","4.0","1.3","3.2%"
"319","Connor O'Toole (SEA)","0","0","0","0","0","0","0","1","0","5","4.0","0.8","0.7%"
"322","Boogie Basham Jr. (CAR)","1","3","0","0","0","0","0","0","0","3","3.8","1.3","0.6%"
"322","Mekhi Wingo (DET)","2","1","0","0","0","0","0","0","0","3","3.8","1.3","1.0%"
"322","Khristian Boyd (NO)","1","3","0","0","0","0","0","0","0","5","3.8","0.8","0.7%"
"325","Drake Jackson (WAS)","1","2","0","0","0","0","0","0","0","3","3.1","1.0","13.7%"
"325","Elijah Chatman (NYG)","1","2","0","0","0","0","0","0","0","5","3.1","0.6","0.7%"
"325","Rylie Mills (SEA)","1","2","0","0","0","0","0","0","0","4","3.1","0.8","1.2%"
"325","Jay Toia (DAL)","1","2","0","0","0","0","0","0","0","5","3.1","0.6","0.8%"
"329","Jordon Riley (GB)","2","0","0","0","0","0","0","0","0","4","3.0","0.8","5.5%"
"330","Taven Bryan (BAL)","0","1","0.5","0","0","0","0","0","0","5","2.8","0.6","0.1%"
"330","Markees Watts (TB)","0","1","0.5","0","0","0","0","0","0","11","2.8","0.3","0.8%"
"332","Bilal Nichols (ARI)","0","3","0","0","0","0","0","0","0","4","2.4","0.6","2.4%"
"332","Mazi Smith (NYJ)","0","3","0","0","0","0","0","0","0","8","2.4","0.3","1.0%"
"334","Maurice Hurst II Jr. (CLE)","0","1","0","0","1","0","0","0","0","2","2.3","1.2","0.6%"
"334","Kevin Givens (SF)","1","1","0","0","0","0","0","0","0","6","2.3","0.4","0.6%"
"334","Victor Dimukeje (NYG)","0","1","0","0","1","0","0","0","0","6","2.3","0.4","0.6%"
"334","DeMarvin Leal (PIT)","1","1","0","0","0","0","0","0","0","3","2.3","0.8","0.7%"
"334","Andre Jones Jr. (BUF)","0","3","0","0","0","0","0","0","0","3","2.3","0.8","4.1%"
"334","Vernon Broughton (NO)","0","3","0","0","0","0","0","0","0","1","2.3","2.3","1.1%"
"334","Jahfari Harvey (LV)","0","1","0","0","1","0","0","0","0","2","2.3","1.2","1.0%"
"341","Isaiah Foskey (CIN)","0","2","0","0","0","0","0","0","0","3","1.6","0.5","0.7%"
"342","Jason Pierre-Paul (TB)","0","0","0","0","1","0","0","0","0","3","1.5","0.5","3.6%"
"342","DeMarcus Walker (WAS)","0","2","0","0","0","0","0","0","0","2","1.5","0.8","0.8%"
"342","Jack Heflin (LAR)","1","0","0","0","0","0","0","0","0","1","1.5","1.5","1.1%"
"342","Perrion Winfrey (DAL)","0","2","0","0","0","0","0","0","0","1","1.5","1.5","1.2%"
"342","Ali Gaye (TEN)","1","0","0","0","0","0","0","0","0","3","1.5","0.5","1.1%"
"342","Jaden Crumedy (CAR)","0","2","0","0","0","0","0","0","0","3","1.5","0.5","3.1%"
"348","Carl Lawson (BAL)","0","1","0","0","0","0","0","0","0","1","0.8","0.8","0.6%"
"348","Marlon Davidson (HOU)","0","1","0","0","0","0","0","0","0","1","0.8","0.8","0.7%"
"348","Jeremiah Moon (PIT)","0","1","0","0","0","0","0","0","0","2","0.8","0.4","1.0%"
"348","Marlon Tuipulotu (KC)","0","1","0","0","0","0","0","0","0","3","0.8","0.3","0.9%"
"348","Haggai Ndubuisi (HOU)","0","1","0","0","0","0","0","0","0","1","0.8","0.8","1.0%"
"348","Kingsley Jonathan (NYJ)","0","1","0","0","0","0","0","0","0","2","0.8","0.4","7.5%"
"348","Taki Taimani (MIN)","0","1","0","0","0","0","0","0","0","2","0.8","0.4","1.2%"
"348","T.J. Maguranyanga (WAS)","0","1","0","0","0","0","0","0","0","1","0.8","0.8","8.4%"
"356","Von Miller (WAS)","16","10","9","6","0","0","0","0","0","17","0.0","0.0","4.3%"
"356","Khalil Mack (LAC)","19","13","5.5","6","0","0","4","0","0","12","0.0","0.0","15.4%"
"356","Kyle Van Noy (BAL)","12","8","2","4","4","1","0","0","0","15","0.0","0.0","4.0%"
"356","Jordan Miller (DEN)","0","0","0","0","0","0","0","0","0","1","0.0","0.0","3.1%"
"356","Preston Smith (WAS)","8","16","0.5","2","1","0","0","0","0","13","0.0","0.0","1.4%"
"356","Za'Darius Smith (PHI)","3","7","1.5","2","0","0","0","0","0","5","0.0","0.0","0.8%"
"356","Bud Dupree (LAC)","9","7","2","2","1","0","0","0","0","16","0.0","0.0","1.8%"
"356","Leonard Floyd (ATL)","6","13","3.5","5","1","0","0","0","0","15","0.0","0.0","0.8%"
"356","Adam Gotsis (TB)","0","0","0","0","0","0","0","0","0","2","0.0","0.0","1.0%"
"356","Dean Lowry (PIT)","0","0","0","0","0","0","0","0","0","3","0.0","0.0","1.0%"
"356","Matthew Judon (BUF)","7","9","0","1","1","0","0","0","0","14","0.0","0.0","0.6%"
"356","Quinton Jefferson (DET)","0","0","0","0","0","0","0","0","0","1","0.0","0.0","1.2%"
"356","Zach Wood (NO)","0","0","0","0","0","0","0","0","0","2","0.0","0.0","1.5%"
"356","Morgan Fox (BUF)","0","0","0","0","0","0","0","0","0","1","0.0","0.0","0.6%"
"356","T.J. Watt (PIT)","23","32","7","10","8","2","3","2","0","14","0.0","0.0","68.8%"
"356","Carlos Watkins (TEN)","0","0","0","0","0","0","0","0","0","3","0.0","0.0","0.8%"
"356","Samson Ebukam (IND)","23","10","2","5","0","0","0","1","0","14","0.0","0.0","4.4%"
"356","Bradley Chubb (MIA)","24","23","8.5","8","0","0","2","1","0","17","0.0","0.0","16.2%"
"356","Harold Landry III (NE)","27","21","8.5","10","0","0","1","0","0","15","0.0","0.0","24.6%"
"356","Uchenna Nwosu (SEA)","17","18","7","7","3","0","0","0","0","16","0.0","0.0","5.1%"
"356","Ogbo Okoronkwo (PHI)","0","0","0","0","0","0","0","0","0","1","0.0","0.0","0.8%"
"356","Jacob Martin (WAS)","17","22","5.5","3","1","0","1","0","0","17","0.0","0.0","3.3%"
"356","Dennis Gardeck (JAC)","24","13","2.5","6","2","0","1","0","0","17","0.0","0.0","1.3%"
"356","Rashan Gary (GB)","25","20","7.5","7","1","0","1","1","0","16","0.0","0.0","25.9%"
"356","Jahlani Tavai (NE)","18","16","0","4","0","0","1","0","0","12","0.0","0.0","0.7%"
"356","L.J. Collier (ARI)","1","5","0","0","0","0","0","0","0","4","0.0","0.0","9.1%"
"356","Andrew Van Ginkel (MIN)","28","26","7","11","10","1","0","2","0","12","0.0","0.0","55.9%"
"356","Quinton Bell (MIA)","0","6","0","0","0","0","0","1","0","5","0.0","0.0","0.6%"
"356","Darrell Taylor (HOU)","0","0","0","0","0","0","0","0","0","4","0.0","0.0","0.6%"
"356","Anfernee Jennings (NE)","13","6","2","5","0","0","0","1","0","14","0.0","0.0","1.7%"
"356","Alex Highsmith (PIT)","36","14","9.5","15","3","0","1","0","0","13","0.0","0.0","39.3%"
"356","Tomon Fox (NYG)","2","1","0","0","0","0","0","0","0","8","0.0","0.0","1.1%"
"356","Micah Parsons (GB)","19","22","12.5","12","1","0","2","0","0","14","0.0","0.0","56.8%"
"356","Zaven Collins (ARI)","24","12","1.5","6","0","0","0","2","1","17","0.0","0.0","5.7%"
"356","Joe Tryon-Shoyinka (CHI)","7","10","0","1","0","0","0","0","0","14","0.0","0.0","0.7%"
"356","Baron Browning (ARI)","14","19","2","4","1","1","0","1","0","15","0.0","0.0","1.7%"
"356","Azeez Ojulari (PHI)","2","4","0","1","0","0","0","0","0","3","0.0","0.0","1.4%"
"356","Brenton Cox Jr. (GB)","2","3","1","1","0","0","1","0","0","4","0.0","0.0","1.4%"
"356","Charles Snowden (LV)","16","10","3","5","2","1","0","0","0","15","0.0","0.0","0.7%"
"356","Jamin Davis (LV)","1","2","0","0","0","0","0","0","0","4","0.0","0.0","1.5%"
"356","Tarron Jackson (SF)","0","0","0","0","0","0","0","0","0","1","0.0","0.0","1.0%"
"356","Isaiahh Loudermilk (PIT)","0","0","0","0","0","0","0","0","0","2","0.0","0.0","0.7%"
"356","Malik Herring (KC)","0","0","0","0","0","0","0","0","0","2","0.0","0.0","1.8%"
"356","Xavier Thomas (ARI)","0","0","0","0","0","0","0","0","0","3","0.0","0.0","1.2%"
"356","Arron Mosby (GB)","0","0","0","0","0","0","0","0","0","8","0.0","0.0","1.9%"
"356","Cameron Goode (MIA)","2","5","0","0","1","0","0","0","0","16","0.0","0.0","1.1%"
"356","James Houston (DAL)","13","11","5.5","6","0","0","1","1","0","17","0.0","0.0","2.6%"
"356","Daniel Hardy (CHI)","1","2","0","0","0","0","0","0","0","15","0.0","0.0","0.8%"
"356","Jaquelin Roy (NE)","0","0","0","0","0","0","0","0","0","1","0.0","0.0","1.0%"
"356","Dylan Cook (PIT)","0","0","0","0","0","0","0","0","0","5","0.0","0.0","0.0%"
"356","Nick Hampton (LAR)","1","4","0","0","0","0","0","0","0","12","0.0","0.0","1.0%"
"356","Durell Nchami (IND)","1","1","0","0","0","0","0","0","0","3","0.0","0.0","3.5%"
"356","D.J. Johnson (CAR)","2","0","0","0","0","0","0","0","0","4","0.0","0.0","1.1%"
"356","Gabriel Murphy (MIN)","0","0","0","0","0","0","0","0","0","1","0.0","0.0","1.0%"
"356","Mike Morris (SEA)","5","5","0","2","1","0","0","0","0","17","0.0","0.0","1.1%"
"356","Yasir Abdullah (JAC)","0","0","0","0","0","0","0","0","0","6","0.0","0.0","1.2%"
"356","Nick Herbig (PIT)","21","9","7.5","13","3","1","3","1","1","15","0.0","0.0","13.8%"
"356","Titus Leo (PHI)","0","0","0","0","0","0","0","0","0","1","0.0","0.0","1.4%"
"356","Scott Matlock (LAC)","0","0","0","0","0","0","0","0","0","16","0.0","0.0","1.2%"
"356","Eku Leota (NO)","0","0","0","0","0","0","0","0","0","4","0.0","0.0","1.3%"
"356","Chris Smith (DET)","0","0","0","0","0","0","0","0","0","1","0.0","0.0","2.2%"
"356","Trevor Nowaske (DET)","2","4","1","2","0","0","0","1","0","14","0.0","0.0","1.3%"
"356","Garrett Nelson (DEN)","0","0","0","0","0","0","0","0","0","2","0.0","0.0","3.1%"
"356","Thomas Incoom (CAR)","0","1","0","0","0","0","0","0","0","16","0.0","0.0","0.6%"
"356","Demontrey Jacobs (ARI)","0","0","0","0","0","0","0","0","0","4","0.0","0.0","0.0%"
"356","Alex Palczewski (DEN)","0","0","0","0","0","0","0","0","0","16","0.0","0.0","0.0%"
"356","Isaiah Land (DAL)","0","0","0","0","0","0","0","0","0","1","0.0","0.0","1.3%"
"356","Landon Jackson (BUF)","0","0","0","0","0","0","0","0","0","3","0.0","0.0","2.2%"
"356","Jonah Elliss (DEN)","11","8","2.5","5","1","0","0","0","0","13","0.0","0.0","1.2%"
"356","Javon Solomon (BUF)","6","1","1","1","0","0","0","0","0","16","0.0","0.0","0.7%"
"356","Cedric Johnson (CIN)","7","4","2","2","0","0","0","2","0","9","0.0","0.0","0.7%"
"356","Mohamed Kamara (TB)","0","0","0","0","0","0","0","0","0","3","0.0","0.0","11.2%"
"356","Marist Liufau (DAL)","11","8","1","1","0","0","1","0","0","17","0.0","0.0","1.0%"
"356","Austin Booker (CHI)","19","16","4.5","5","3","0","1","0","0","10","0.0","0.0","10.1%"
"356","Brennan Jackson (LV)","0","0","0","0","0","0","0","0","0","2","0.0","0.0","1.3%"
"356","Jalyx Hunt (PHI)","28","24","6.5","9","3","3","2","1","1","17","0.0","0.0","13.2%"
"356","Gabe Hall (PHI)","0","0","0","0","0","0","0","0","0","2","0.0","0.0","0.7%"
"356","Braiden McGregor (NYJ)","6","8","1","1","1","0","0","0","0","13","0.0","0.0","1.0%"
"356","Jordan Jefferson (CIN)","0","0","0","0","0","0","0","0","0","2","0.0","0.0","0.7%"
"356","Eric Watts (NYJ)","6","3","0","0","0","0","0","0","0","4","0.0","0.0","1.0%"
"356","Myles Cole (CIN)","0","0","0","0","0","0","0","0","0","1","0.0","0.0","1.2%"
"356","Derrick McLendon II (MIA)","0","0","0","0","0","0","0","0","0","1","0.0","0.0","1.7%"
"356","Carl Jones Jr. (BAL)","0","0","0","0","0","0","0","0","0","9","0.0","0.0","1.9%"
"356","Casey Rogers (NYG)","0","0","0","0","0","0","0","0","0","1","0.0","0.0","1.0%"
"356","Denzel Daxon (ARI)","0","0","0","0","0","0","0","0","0","1","0.0","0.0","1.0%"
"356","Jamie Sheriff (SEA)","0","0","0","0","0","0","0","0","0","1","0.0","0.0","1.3%"
"356","Jalon Walker (ATL)","21","12","5.5","5","1","0","2","1","0","15","0.0","0.0","14.7%"
"356","Mike Green (BAL)","17","24","3.5","7","0","0","0","1","0","17","0.0","0.0","7.8%"
"356","Collin Oliver (GB)","1","0","0","1","0","0","0","0","0","1","0.0","0.0","0.8%"
"356","Bradyn Swinson (NE)","0","0","0","0","0","0","0","0","0","3","0.0","0.0","0.8%"
"356","Jared Ivey (SEA)","0","0","0","0","0","0","0","0","0","2","0.0","0.0","6.0%"
"356","Kyle Kennard (LAC)","1","1","0","0","0","0","0","0","0","5","0.0","0.0","4.4%"
"356","Cam Horsley (TEN)","0","0","0","0","0","0","0","0","0","1","0.0","0.0","1.2%"
"356","Fadil Diggs (NO)","0","0","0","0","0","0","0","0","0","5","0.0","0.0","1.6%"
"356","Que Robinson (DEN)","4","5","0.5","3","1","0","0","0","0","6","0.0","0.0","1.5%"
"356","Kain Medrano (WAS)","0","0","0","0","0","0","0","1","0","5","0.0","0.0","0.7%"
"356","Alex Huntley (MIA)","0","0","0","0","0","0","0","0","0","1","0.0","0.0","1.1%"
"356","Ethan Downs (KC)","0","0","0","0","0","0","0","0","0","1","0.0","0.0","1.1%"
"356","Ja'Markis Weston (NYJ)","0","0","0","0","0","0","0","0","0","2","0.0","0.0","1.6%"
"356","Keith Cooper Jr. (CLE)","0","0","0","0","0","0","0","0","0","1","0.0","0.0","0.6%"
"356","Jayson Jones (TB)","0","0","0","0","0","0","0","0","0","1","0.0","0.0","1.9%"
"356","Coziah Izzard (NO)","0","0","0","0","0","0","0","0","0","2","0.0","0.0","1.9%"
""
""