"RK",TIERS,"PLAYER NAME",TEAM,"POS","AGE","BEST","WORST","AVG.","STD.DEV","ECR VS. ADP"
"1",1,"Ja'Marr Chase",CIN,"WR1","26","1","2","1.2","0.4","+1"
"2",1,"Jaxon Smith-Njigba",SEA,"WR2","24","2","6","3.3","1.4","+3"
"3",1,"Bijan Robinson",ATL,"RB1","24","1","6","3.5","1.5","-2"
"4",1,"Puka Nacua",LAR,"WR3","25","2","7","4.0","1.4","0"
"5",1,"Jahmyr Gibbs",DET,"RB2","24","3","6","4.5","1.1","-2"
"6",2,"Amon-Ra St. Brown",DET,"WR4","26","4","10","6.8","2.0","+1"
"7",2,"Justin Jefferson",MIN,"WR5","27","4","13","7.6","2.4","+6"
"8",2,"Ashton Jeanty",LV,"RB3","22","8","13","9.5","1.4","+6"
"9",2,"Malik Nabers",NYG,"WR6","23","6","19","10.4","4.0","-1"
"10",2,"CeeDee Lamb",DAL,"WR7","27","7","27","10.4","4.3","+8"
"11",2,"Jeremiyah Love",ARI,"RB4","21","9","16","12.2","1.6","+5"
"12",2,"Drake London",ATL,"WR8","25","10","16","12.4","1.8","+9"
"13",3,"De'Von Achane",MIA,"RB5","24","10","22","15.1","3.1","+6"
"14",3,"Omarion Hampton",LAC,"RB6","23","10","22","15.1","3.5","+6"
"15",3,"Brock Bowers",LV,"TE1","23","6","23","16.8","5.8","-5"
"16",3,"Tetairoa McMillan",CAR,"WR9","23","14","30","17.6","4.3","+7"
"17",3,"James Cook III",BUF,"RB7","26","16","27","18.8","3.7","+8"
"18",3,"Nico Collins",HOU,"WR10","27","14","33","20.5","5.3","+10"
"19",3,"Jonathan Taylor",IND,"RB8","27","10","37","21.2","6.5","+3"
"20",3,"Emeka Egbuka",TB,"WR11","23","16","43","21.6","6.3","+10"
"21",3,"Josh Allen",BUF,"QB1","30","7","39","21.8","6.6","-15"
"22",4,"George Pickens",DAL,"WR12","25","15","43","24.0","6.8","+5"
"23",4,"Trey McBride",ARI,"TE2","26","9","44","24.5","8.1","-11"
"24",4,"Drake Maye",NE,"QB2","23","10","42","25.3","6.8","-15"
"25",4,"Kenneth Walker III",KC,"RB9","25","21","39","25.8","3.7","+13"
"26",4,"Chris Olave",NO,"WR13","26","20","38","27.5","4.5","+3"
"27",4,"Carnell Tate",TEN,"WR14","21","20","40","28.0","5.8","+13"
"28",4,"Garrett Wilson",NYJ,"WR15","26","22","40","30.3","5.4","+4"
"29",4,"Ladd McConkey",LAC,"WR16","24","25","47","32.0","5.6","+7"
"30",4,"Luther Burden III",CHI,"WR17","22","22","50","33.2","6.0","+15"
"31",4,"DeVonta Smith",PHI,"WR18","27","23","43","33.7","6.0","+36"
"32",4,"Breece Hall",NYJ,"RB10","25","22","52","34.6","8.8","+7"
"33",4,"Jayden Daniels",WAS,"QB3","25","21","54","34.6","9.5","-18"
"34",4,"Zay Flowers",BAL,"WR19","25","26","54","34.6","7.0","+24"
"35",4,"A.J. Brown",NE,"WR20","29","20","49","35.5","7.9","+16"
"36",4,"Colston Loveland",CHI,"TE3","22","15","48","36.2","10.9","-12"
"37",5,"Jordyn Tyson",NO,"WR21","21","22","67","37.7","8.5","+11"
"38",5,"Lamar Jackson",BAL,"QB4","29","20","67","38.2","10.7","-21"
"39",5,"Chase Brown",CIN,"RB11","26","24","50","39.1","6.4","-6"
"40",5,"Makai Lemon",PHI,"WR22","22","33","68","41.0","7.5","+19"
"41",5,"Tee Higgins",CIN,"WR23","27","32","62","43.8","8.4","+13"
"42",5,"Rashee Rice",KC,"WR24","26","22","82","44.0","15.2","0"
"43",5,"Tyler Warren",IND,"TE4","24","28","56","44.2","6.8","-12"
"44",5,"Jaylen Waddle",DEN,"WR25","27","33","59","44.6","7.8","+26"
"45",5,"Joe Burrow",CIN,"QB5","29","28","68","44.7","7.9","-34"
"46",5,"Caleb Williams",CHI,"QB6","24","16","96","46.0","16.5","+6"
"47",5,"Rome Odunze",CHI,"WR26","24","33","70","46.6","9.1","-1"
"48",5,"TreVeyon Henderson",NE,"RB12","23","38","68","48.0","9.4","-14"
"49",5,"Justin Herbert",LAC,"QB7","28","36","87","50.5","12.0","+4"
"50",6,"Patrick Mahomes II",KC,"QB8","30","20","90","52.0","13.5","-6"
"51",6,"Tucker Kraft",GB,"TE5","25","43","69","52.0","6.0","-2"
"52",6,"Quinshon Judkins",CLE,"RB13","22","32","77","52.5","11.0","-9"
"53",6,"Saquon Barkley",PHI,"RB14","29","34","65","52.9","9.5","-6"
"54",6,"Marvin Harrison Jr.",ARI,"WR27","24","39","72","53.2","10.4","-4"
"55",6,"Jalen Hurts",PHI,"QB9","28","28","78","55.2","9.8","-29"
"56",6,"Harold Fannin Jr.",CLE,"TE6","22","48","78","56.0","7.0","-19"
"57",6,"Jameson Williams",DET,"WR28","25","41","75","56.9","8.6","+5"
"58",6,"Christian McCaffrey",SF,"RB15","30","31","68","57.5","10.1","-23"
"59",6,"Trevor Lawrence",JAC,"QB10","26","51","90","58.4","10.0","+6"
"60",6,"Kyren Williams",LAR,"RB16","25","46","70","58.5","7.2","-3"
"61",6,"Brian Thomas Jr.",JAC,"WR29","23","38","74","59.3","10.7","-5"
"62",6,"Sam LaPorta",DET,"TE7","25","51","72","61.6","5.4","-1"
"63",6,"Travis Etienne Jr.",NO,"RB17","27","50","75","62.9","7.0","+3"
"64",6,"Kyle Pitts Sr.",ATL,"TE8","25","53","91","64.0","8.1","+5"
"65",6,"Christian Watson",GB,"WR30","27","44","84","65.8","10.9","+17"
"66",6,"Cam Skattebo",NYG,"RB18","24","52","81","66.8","6.4","+2"
"67",6,"Brock Purdy",SF,"QB11","26","58","108","67.7","13.3","+8"
"68",6,"Javonte Williams",DAL,"RB19","26","52","86","69.3","9.8","-5"
"69",6,"Jadarian Price",SEA,"RB20","22","55","80","69.8","8.2","+2"
"70",6,"Bucky Irving",TB,"RB21","23","45","88","70.5","13.2","-29"
"71",6,"KC Concepcion",CLE,"WR31","21","42","100","71.1","12.4","+5"
"72",6,"Jaxson Dart",NYG,"QB12","23","55","117","71.4","16.1","-17"
"73",7,"Kenyon Sadiq",NYJ,"TE9","21","64","109","74.0","10.8","+13"
"74",7,"Terry McLaurin",WAS,"WR32","30","68","83","74.5","3.9","+16"
"75",7,"Bo Nix",DEN,"QB13","26","56","99","74.7","12.4","-15"
"76",7,"Alec Pierce",IND,"WR33","26","57","99","75.3","7.6","+1"
"77",7,"DJ Moore",BUF,"WR34","29","62","94","76.3","8.7","+11"
"78",7,"Derrick Henry",BAL,"RB22","32","58","90","81.4","8.3","-5"
"79",7,"Bhayshul Tuten",JAC,"RB23","23","61","98","81.5","11.0","+1"
"80",7,"Jordan Addison",MIN,"WR35","24","64","99","81.5","9.6","+1"
"81",7,"Dak Prescott",DAL,"QB14","33","60","111","83.9","13.1","+31"
"82",7,"DK Metcalf",PIT,"WR36","28","71","97","84.9","7.0","+20"
"83",7,"Josh Jacobs",GB,"RB24","28","55","124","85.6","13.8","-19"
"84",7,"Parker Washington",JAC,"WR37","24","60","118","86.0","14.8","+11"
"85",7,"Omar Cooper Jr.",NYJ,"WR38","22","70","115","87.6","12.5","-6"
"86",7,"Eli Stowers",PHI,"TE10","23","65","121","87.7","19.4","+31"
"87",7,"D'Andre Swift",CHI,"RB25","27","80","98","88.3","4.5","-3"
"88",7,"Michael Wilson",ARI,"WR39","26","69","106","89.0","9.3","-10"
"89",7,"Jordan Love",GB,"QB15","27","73","110","92.0","9.1","+67"
"90",7,"Wan'Dale Robinson",TEN,"WR40","25","74","118","92.5","9.5","-7"
"91",7,"Oronde Gadsden II",LAC,"TE11","23","66","134","94.4","19.8","-17"
"92",7,"Jayden Higgins",HOU,"WR41","23","76","120","95.0","11.3","+9"
"93",7,"Dalton Kincaid",BUF,"TE12","26","78","117","95.1","13.9","-8"
"94",7,"David Montgomery",HOU,"RB26","29","78","120","95.4","10.0","-2"
"95",7,"Josh Downs",IND,"WR42","24","78","132","96.3","11.6","+31"
"96",7,"Isaiah Likely",NYG,"TE13","26","74","144","96.7","20.7","+17"
"97",8,"Davante Adams",LAR,"WR43","33","70","118","98.3","12.9","-8"
"98",8,"Michael Pittman Jr.",PIT,"WR44","28","79","114","98.9","9.4","+6"
"99",8,"Mike Evans",SF,"WR45","32","84","113","99.3","8.1","+6"
"100",8,"Courtland Sutton",DEN,"WR46","30","82","119","101.0","8.5","+9"
"101",8,"Denzel Boston",CLE,"WR47","22","75","125","101.5","12.8","-4"
"102",8,"Jared Goff",DET,"QB16","31","64","129","104.2","16.0","+55"
"103",8,"RJ Harvey",DEN,"RB27","25","74","133","105.2","12.9","-31"
"104",8,"Xavier Worthy",KC,"WR48","23","73","145","106.7","14.7","+11"
"105",8,"Quentin Johnston",LAC,"WR49","24","82","122","107.0","10.9","+3"
"106",8,"Jake Ferguson",DAL,"TE14","27","81","130","107.2","14.4","-15"
"107",8,"George Kittle",SF,"TE15","32","81","124","108.0","13.0","-8"
"108",8,"Matthew Golden",GB,"WR50","23","85","128","109.6","10.4","+2"
"109",8,"Jayden Reed",GB,"WR51","26","86","126","109.8","10.2","+14"
"110",8,"Ricky Pearsall",SF,"WR52","25","76","169","110.2","25.1","-"
"111",8,"Brenton Strange",JAC,"TE16","25","78","133","111.2","14.4","-18"
"112",8,"Jakobi Meyers",JAC,"WR53","29","96","133","112.1","10.7","+2"
"113",8,"Fernando Mendoza",LV,"QB17","22","87","147","112.2","16.6","-15"
"114",8,"Chris Godwin Jr.",TB,"WR54","30","92","138","112.9","10.7","+15"
"115",8,"Jaylen Warren",PIT,"RB28","27","90","132","113.3","14.3","-12"
"116",8,"Baker Mayfield",TB,"QB18","31","86","141","113.9","14.1","-22"
"117",8,"Kyle Monangai",CHI,"RB29","24","96","140","117.4","14.1","-30"
"118",8,"Blake Corum",LAR,"RB30","25","89","139","118.8","14.9","-7"
"119",8,"Travis Hunter",JAC,"WR55","23","83","160","121.9","21.6","-23"
"120",8,"Antonio Williams",WAS,"WR56","22","106","148","122.5","11.2","+54"
"121",8,"Jalen Coker",CAR,"WR57","24","101","146","123.6","10.7","+4"
"122",8,"Zach Charbonnet",SEA,"RB31","25","87","156","123.8","17.5","-22"
"123",8,"Tyler Shough",NO,"QB19","26","110","142","124.3","11.3","+130"
"124",8,"Romeo Doubs",NE,"WR58","26","97","170","124.4","17.6","-5"
"125",8,"C.J. Stroud",HOU,"QB20","24","96","159","124.7","16.1","-3"
"126",8,"Jonathon Brooks",CAR,"RB32","23","88","165","127.1","21.0","+14"
"127",9,"Rhamondre Stevenson",NE,"RB33","28","95","149","128.7","15.2","-7"
"128",9,"Chuba Hubbard",CAR,"RB34","27","100","168","129.0","17.3","-22"
"129",9,"Chig Okonkwo",WAS,"TE17","26","88","162","129.5","17.9","+39"
"130",9,"Khalil Shakir",BUF,"WR59","26","107","159","130.4","11.7","+4"
"131",9,"Cam Ward",TEN,"QB21","24","96","141","117.1","11.6","+109"
"132",9,"Kyler Murray",MIN,"QB22","29","126","141","133.7","5.5","+102"
"133",9,"Mark Andrews",BAL,"TE18","30","114","157","134.9","14.5","+6"
"134",9,"Rico Dowdle",PIT,"RB35","28","108","156","135.2","10.5","-18"
"135",9,"Sam Darnold",SEA,"QB23","29","110","151","136.2","8.9","+42"
"136",9,"De'Zhaun Stribling",SF,"WR60","23","99","172","140.7","16.9","+47"
"137",9,"Jonah Coleman",DEN,"RB36","22","100","190","141.4","23.1","-10"
"138",9,"Matthew Stafford",LAR,"QB24","38","112","168","142.5","9.9","+23"
"139",9,"Dallas Goedert",PHI,"TE19","31","114","184","142.8","18.0","+6"
"140",9,"Jalen McMillan",TB,"WR61","24","122","214","143.6","23.6","-3"
"141",9,"Tre' Harris",LAC,"WR62","24","112","196","144.2","20.0","+8"
"142",9,"Tony Pollard",TEN,"RB37","29","123","164","144.4","11.6","+10"
"143",9,"AJ Barner",SEA,"TE20","24","117","187","144.7","20.4","-10"
"144",9,"Kenny Gainwell",TB,"RB38","27","117","163","147.4","11.7","-9"
"145",9,"Bryce Young",CAR,"QB25","25","132","167","148.3","6.7","+52"
"146",9,"Daniel Jones",IND,"QB26","29","139","191","149.6","10.9","+14"
"147",9,"Malik Willis",MIA,"QB27","27","111","174","138.1","14.2","-"
"148",9,"J.K. Dobbins",DEN,"RB39","27","123","182","154.8","13.2","-16"
"149",9,"Travis Kelce",KC,"TE21","36","122","186","156.5","17.6","+5"
"150",9,"Terrance Ferguson",LAR,"TE22","23","117","197","157.1","20.2","-3"
"151",9,"Ted Hurst III",TB,"WR63","22","114","232","157.1","24.9","+37"
"152",9,"Rachaad White",WAS,"RB40","27","130","178","157.5","10.8","+14"
"153",9,"Juwan Johnson",NO,"TE23","29","123","187","158.5","16.3","-23"
"154",9,"Germie Bernard",PIT,"WR64","22","104","179","146.6","19.8","-33"
"155",9,"Jacory Croskey-Merritt",WAS,"RB41","25","128","185","161.6","15.3","-19"
"156",9,"Chris Bell",MIA,"WR65","22","109","172","133.3","17.3","-38"
"157",9,"T.J. Hockenson",MIN,"TE24","29","123","188","164.8","18.8","-11"
"158",9,"Woody Marks",HOU,"RB42","25","128","197","165.7","16.6","-27"
"159",9,"Tyler Allgeier",ARI,"RB43","26","135","200","167.1","16.5","-52"
"160",9,"Ty Simpson",LAR,"QB28","23","147","167","155.5","6.8","+12"
"161",9,"Nicholas Singleton",TEN,"RB44","22","132","226","169.3","23.4","+9"
"162",10,"Jauan Jennings",MIN,"WR66","29","130","209","157.9","19.8","-18"
"163",10,"Tyrone Tracy Jr.",NYG,"RB45","26","143","203","171.9","15.9","+2"
"164",10,"Jordan Mason",MIN,"RB46","27","151","197","173.7","14.3","-11"
"165",10,"Rashid Shaheed",SEA,"WR67","27","118","173","147.0","15.2","-10"
"166",10,"Hunter Henry",NE,"TE25","31","150","221","174.4","17.9","-2"
"167",10,"Gunnar Helm",TEN,"TE26","23","144","221","177.9","21.4","-17"
"168",10,"Dylan Sampson",CLE,"RB47","21","160","216","179.2","15.8","+11"
"169",10,"Michael Penix Jr.",ATL,"QB29","26","156","252","179.7","25.5","-18"
"170",10,"Emmett Johnson",KC,"RB48","22","140","202","180.5","16.0","-22"
"171",10,"Chris Rodriguez Jr.",JAC,"RB49","26","130","220","181.4","23.4","+40"
"172",10,"Jaylin Noel",HOU,"WR68","23","118","200","155.1","20.7","+20"
"173",10,"Troy Franklin",DEN,"WR69","23","145","237","184.1","25.8","-14"
"174",10,"Oscar Delp",NO,"TE27","23","130","289","187.5","34.6","+68"
"175",10,"Stefon Diggs",FA,"WR70","32","128","194","162.3","20.7","+14"
"176",10,"Tua Tagovailoa",ATL,"QB30","28","154","244","190.6","29.0","-"
"177",10,"Elijah Sarratt",BAL,"WR71","23","131","237","168.2","27.2","-39"
"178",10,"Zachariah Branch",ATL,"WR72","22","143","276","173.7","31.2","-35"
"179",10,"Mason Taylor",NYJ,"TE28","22","158","263","198.6","28.2","-55"
"180",10,"Tank Bigsby",PHI,"RB50","23","170","233","198.8","17.6","+7"
"181",10,"Tyjae Spears",TEN,"RB51","25","173","271","199.6","26.7","-3"
"182",10,"Jerry Jeudy",CLE,"WR73","27","169","199","177.2","9.2","-7"
"183",10,"Kayshon Boutte",NE,"WR74","24","161","208","177.5","10.3","-16"
"184",10,"Adonai Mitchell",NYJ,"WR75","23","129","201","177.8","18.9","0"
"185",10,"Aaron Jones Sr.",MIN,"RB52","31","157","219","191.7","17.9","+10"
"186",10,"Eli Raridon",NE,"TE29","22","129","303","191.8","41.3","-"
"187",10,"Pat Bryant",DEN,"WR76","23","152","235","180.9","20.6","-29"
"188",10,"Max Klare",LAR,"TE30","23","143","283","195.1","28.8","+31"
"189",10,"Jalen Nailor",LV,"WR77","27","148","212","184.3","23.1","+20"
"190",10,"Greg Dulcich",MIA,"TE31","26","154","278","197.6","28.9","-"
"191",10,"Jack Bech",LV,"WR78","23","172","244","198.2","21.8","+23"
"192",10,"Kaytron Allen",WAS,"RB53","23","136","274","198.4","28.4","+43"
"193",10,"Isaac TeSlaa",DET,"WR79","24","146","236","186.7","20.5","-17"
"194",10,"Isiah Pacheco",DET,"RB54","27","172","320","210.2","33.1","-4"
"195",10,"Dalton Schultz",HOU,"TE32","30","153","255","194.5","27.1","-32"
"196",10,"Braelon Allen",NYJ,"RB55","22","168","311","207.9","35.3","-27"
"197",10,"Cade Otton",TB,"TE33","27","170","284","208.4","23.1","+1"
"198",11,"David Njoku",LAC,"TE34","30","177","264","212.3","19.7","-25"
"199",11,"Keaton Mitchell",LAC,"RB56","24","165","298","202.5","30.6","+5"
"200",11,"Malachi Fields",NYG,"WR80","22","144","278","190.6","33.0","-20"
"201",11,"Deebo Samuel Sr.",SF,"WR81","30","134","260","190.9","32.8","-19"
"202",11,"Elic Ayomanor",TEN,"WR82","23","157","277","205.3","30.9","-21"
"203",11,"Pat Freiermuth",PIT,"TE35","27","163","264","206.8","20.9","-10"
"204",11,"Mike Washington Jr.",LV,"RB57","23","166","324","209.0","37.1","+8"
"205",11,"Shedeur Sanders",CLE,"QB31","24","180","238","209.0","15.6","+72"
"206",11,"Brian Robinson Jr.",ATL,"RB58","27","182","298","220.4","30.5","-1"
"207",11,"J.J. McCarthy",MIN,"QB32","23","150","254","209.8","27.0","+36"
"208",11,"Tank Dell",HOU,"WR83","26","186","246","210.8","19.3","-9"
"209",11,"Ja'Kobi Lane",BAL,"WR84","22","145","272","198.8","31.0","-15"
"210",11,"Chris Brazzell II",CAR,"WR85","22","156","302","200.3","32.4","-82"
"211",11,"Tory Horton",SEA,"WR86","23","145","394","203.0","54.6","+16"
"212",11,"Skyler Bell",BUF,"WR87","24","156","236","190.5","25.0","-10"
"213",11,"Chimere Dike",TEN,"WR88","24","180","232","205.4","15.0","-42"
"214",11,"Ryan Flournoy",DAL,"WR89","26","170","291","217.5","37.0","+36"
"215",11,"Kaleb Johnson",PIT,"RB59","22","184","306","229.8","33.6","-29"
"216",11,"Dontayvion Wicks",PHI,"WR90","25","179","236","209.6","15.3","+43"
"217",11,"Keon Coleman",BUF,"WR91","23","174","270","222.9","25.0","-11"
"218",11,"Brandon Aiyuk",SF,"WR92","28","115","232","183.6","32.8","-77"
"219",11,"Demond Claiborne",MIN,"RB60","22","181","338","223.6","35.2","+38"
"220",11,"Malik Washington",MIA,"WR93","25","149","278","224.2","29.6","+3"
"221",11,"Kimani Vidal",LAC,"RB61","24","193","271","224.7","15.5","-25"
"222",11,"Ollie Gordon II",MIA,"RB62","22","203","358","238.0","34.7","-6"
"223",11,"Geno Smith",NYJ,"QB33","35","182","269","221.4","21.4","-"
"224",11,"Tre Tucker",LV,"WR94","25","174","273","223.3","25.9","-2"
"225",11,"Alvin Kamara",NO,"RB63","31","178","300","224.9","32.6","-18"
"226",11,"Aaron Rodgers",PIT,"QB34","42","167","267","231.0","24.7","-2"
"227",11,"Darnell Mooney",NYG,"WR95","28","192","243","222.1","12.9","-1"
"228",11,"Kyle Williams",NE,"WR96","23","178","242","222.4","16.5","-28"
"229",11,"MarShawn Lloyd",GB,"RB64","25","190","316","244.2","39.5","-"
"230",11,"Jacoby Brissett",ARI,"QB35","33","191","258","223.4","16.4","-"
"231",11,"Ray Davis",BUF,"RB65","26","203","312","248.8","27.5","0"
"232",11,"Calvin Ridley",TEN,"WR97","31","194","254","228.5","15.4","+20"
"233",11,"Emanuel Wilson",SEA,"RB66","27","219","317","251.7","31.2","-30"
"234",11,"Bryce Lance",NO,"WR98","23","176","248","219.2","25.5","+52"
"235",11,"Tyreek Hill",FA,"WR99","32","176","251","222.7","21.9","-50"
"236",11,"Rashod Bateman",BAL,"WR100","26","198","280","235.0","24.1","+25"
"237",11,"Sean Tucker",TB,"RB67","24","202","315","255.8","35.3","-20"
"238",11,"Trey Benson",ARI,"RB68","24","185","325","255.9","43.0","-96"
"239",11,"Kaelon Black",SF,"RB69","24","189","320","236.5","41.4","+29"
"240",11,"Denver Broncos",DEN,"DST1","-","192","248","227.8","11.2","-"
"241",11,"Houston Texans",HOU,"DST2","-","193","266","233.9","14.7","-"
"242",12,"Marvin Mims Jr.",DEN,"WR101","24","194","276","238.5","21.7","+9"
"243",12,"Mac Jones",SF,"QB36","27","166","270","211.2","36.4","-"
"244",12,"Philadelphia Eagles",PHI,"DST3","-","194","278","240.2","17.2","-"
"245",12,"Jaylen Wright",MIA,"RB70","23","210","362","262.0","33.2","-15"
"246",12,"Devin Neal",NO,"RB71","22","217","333","271.8","33.2","-36"
"247",12,"Elijah Arroyo",SEA,"TE36","23","188","293","218.1","32.9","-39"
"248",12,"James Conner",ARI,"RB72","31","216","363","265.3","34.6","-47"
"249",12,"Los Angeles Rams",LAR,"DST4","-","202","303","246.4","20.3","-"
"250",12,"Tez Johnson",TB,"WR102","24","224","371","257.5","37.4","-14"
"251",12,"Jaydon Blue",DAL,"RB73","22","216","336","272.2","29.0","-22"
"252",12,"Brandon Aubrey",DAL,"K1","31","197","249","241.5","13.2","-"
"253",12,"Seattle Seahawks",SEA,"DST5","-","196","314","245.5","28.8","-"
"254",12,"Anthony Richardson Sr.",IND,"QB37","24","166","275","218.1","39.0","+43"
"255",12,"Cam Little",JAC,"K2","22","200","308","248.0","21.5","-"
"256",12,"Minnesota Vikings",MIN,"DST6","-","217","296","260.6","19.2","-"
"257",12,"Pittsburgh Steelers",PIT,"DST7","-","203","318","263.4","26.5","-"
"258",12,"Cameron Dicker",LAC,"K3","26","201","324","254.4","26.0","-"
"259",12,"Michael Mayer",LV,"TE37","25","188","268","227.2","25.4","-41"
"260",12,"Deshaun Watson",CLE,"QB38","30","191","283","244.8","25.7","+13"
"261",12,"Justin Joly",DEN,"TE38","22","153","337","231.7","52.0","+37"
"262",12,"Jordan James",SF,"RB74","22","203","322","278.7","34.6","-21"
"263",12,"Christian Kirk",SF,"WR103","29","211","352","259.9","45.0","-7"
"264",12,"Green Bay Packers",GB,"DST8","-","212","336","266.3","27.4","-"
"265",12,"Will Reichard",MIN,"K4","25","206","296","255.0","19.9","-"
"266",12,"Xavier Legette",CAR,"WR104","25","209","283","256.5","17.1","-18"
"267",12,"Jarquez Hunter",LAR,"RB75","23","233","364","294.6","29.5","-"
"268",12,"Ka'imi Fairbairn",HOU,"K5","32","207","293","258.3","21.5","-"
"269",12,"Jason Myers",SEA,"K6","35","199","353","270.1","35.2","-"
"270",12,"Kansas City Chiefs",KC,"DST9","-","224","323","280.1","27.1","-"
"271",12,"Chris Boswell",PIT,"K7","35","209","309","271.0","22.7","-"
"272",12,"Theo Johnson",NYG,"TE39","25","199","294","246.6","31.4","-110"
"273",12,"Carson Beck",ARI,"QB39","23","221","270","247.3","13.4","-6"
"274",12,"Detroit Lions",DET,"DST10","-","215","347","282.1","34.2","-"
"275",12,"Isaiah Davis",NYJ,"RB76","24","228","327","290.5","22.1","-5"
"276",12,"Adam Randall",BAL,"RB77","22","210","344","282.6","37.0","-56"
"277",12,"DeMario Douglas",NE,"WR105","25","214","299","254.4","29.0","+10"
"278",12,"Wil Lutz",DEN,"K8","32","214","339","278.1","26.1","-"
"279",12,"Brashard Smith",KC,"RB78","23","222","379","302.6","38.0","-42"
"280",12,"Baltimore Ravens",BAL,"DST11","-","220","345","287.8","31.8","-"
"281",12,"DJ Giddens",IND,"RB79","22","246","359","296.3","30.4","-43"
"282",12,"Chase McLaughlin",TB,"K9","30","208","326","280.9","26.3","-"
"283",12,"Harrison Butker",KC,"K10","31","213","353","272.1","33.1","-"
"284",12,"Cedric Tillman",CLE,"WR106","26","237","343","272.1","31.3","-10"
"285",12,"Evan McPherson",CIN,"K11","27","210","339","282.8","29.2","-"
"286",12,"Isaiah Bond",CLE,"WR107","22","241","380","282.9","45.3","-53"
"287",12,"Cooper Kupp",SEA,"WR108","33","229","387","275.3","50.0","-5"
"288",12,"Kevin Coleman Jr.",MIA,"WR109","22","194","273","235.1","23.7","-56"
"289",12,"Tyler Loop",BAL,"K12","25","205","289","267.7","22.9","-"
"290",12,"Brenen Thompson",LAC,"WR110","23","211","270","237.6","17.1","-75"
"291",12,"Hollywood Brown",PHI,"WR111","29","232","399","280.2","51.6","-31"
"292",12,"Devaughn Vele",NO,"WR112","28","234","379","281.0","45.5","-47"
"293",12,"Seth McGowan",IND,"RB80","24","235","384","296.6","44.5","-"
"294",12,"Jake Bates",DET,"K13","27","221","322","277.1","25.3","-"
"295",12,"Trevor Etienne",CAR,"RB81","22","272","368","305.1","26.1","-6"
"296",12,"Jacksonville Jaguars",JAC,"DST12","-","198","326","288.5","32.5","-"
"297",12,"Kendre Miller",NO,"RB82","24","264","364","305.8","34.8","-21"
"298",12,"Kirk Cousins",LV,"QB40","37","241","273","253.0","9.0","-54"
"299",13,"Justin Fields",KC,"QB41","27","246","270","257.1","8.8","-"
"300",13,"Jake Tonges",SF,"TE40","27","207","351","272.6","44.7","-109"
"301",13,"Los Angeles Chargers",LAC,"DST13","-","264","310","286.6","15.9","-"
"302",13,"Jalen Milroe",SEA,"QB42","23","243","297","261.1","15.6","-89"
"303",13,"New England Patriots",NE,"DST14","-","272","314","287.6","13.0","-"
"304",13,"Mike Gesicki",CIN,"TE41","30","206","359","277.0","43.3","-33"
"305",13,"Isaac Guerendo",SF,"RB83","26","288","396","321.5","34.3","-"
"306",13,"Jake Moody",WAS,"K14","26","219","328","281.1","32.0","-"
"307",13,"Chris Brooks",GB,"RB84","26","229","390","302.4","38.4","-"
"308",13,"Evan Engram",DEN,"TE42","31","208","348","281.6","37.0","-69"
"309",13,"Drew Allar",PIT,"QB43","22","233","334","267.9","29.1","-10"
"310",13,"Tahj Brooks",CIN,"RB85","24","284","385","310.7","26.1","-"
"311",13,"Najee Harris",LAC,"RB86","28","278","321","293.4","15.0","-64"
"312",13,"Caleb Douglas",MIA,"WR113","22","176","313","252.0","47.2","-"
"313",13,"Eli Heidenreich",PIT,"RB87","23","213","311","284.3","29.7","-33"
"314",13,"Buffalo Bills",BUF,"DST15","-","274","343","296.9","18.8","-"
"315",13,"LeQuint Allen Jr.",JAC,"RB88","22","272","367","313.9","32.2","-57"
"316",13,"Ben Sinnott",WAS,"TE43","24","206","344","287.0","34.7","-62"
"317",13,"Ja'Tavion Sanders",CAR,"TE44","23","242","348","291.4","34.1","-71"
"318",13,"Darnell Washington",PIT,"TE45","24","207","357","281.2","43.9","-37"
"319",13,"Cade Klubnik",NYJ,"QB44","22","250","312","266.8","18.6","-14"
"320",13,"Cleveland Browns",CLE,"DST16","-","272","329","299.0","18.5","-"
"321",13,"Colby Parkinson",LAR,"TE46","27","218","339","276.5","35.3","-100"
"322",13,"Marcus Mariota",WAS,"QB45","32","254","324","278.0","21.4","-31"
"323",13,"Andy Borregales",NE,"K15","23","218","324","281.6","27.5","-"
"324",13,"Jalen Royals",KC,"WR114","23","235","350","281.8","35.5","-45"
"325",13,"Jerome Ford",WAS,"RB89","26","246","402","316.2","42.1","-"
"326",13,"Will Shipley",PHI,"RB90","23","282","387","317.9","29.2","-"
"327",13,"Cole Kmet",CHI,"TE47","27","251","319","284.9","24.3","-61"
"328",13,"Will Howard",PIT,"QB46","24","252","340","288.1","28.4","-79"
"329",13,"Tyquan Thornton",KC,"WR115","26","240","310","274.3","25.7","-54"
"330",13,"Quinn Ewers",MIA,"QB47","23","239","333","276.6","26.9","-61"
"331",13,"Taylen Green",CLE,"QB48","23","255","338","276.9","27.4","-"
"332",13,"Andrei Iosivas",CIN,"WR116","26","252","337","294.5","23.3","-"
"333",13,"Cyrus Allen",KC,"WR117","23","174","371","282.6","69.5","-"
"334",13,"Jameis Winston",NYG,"QB49","32","264","329","288.1","22.7","-25"
"335",13,"New Orleans Saints",NO,"DST17","-","216","355","304.3","40.6","-"
"336",13,"Cole Payton",PHI,"QB50","23","243","326","270.3","27.3","-"
"337",13,"Sam Roush",CHI,"TE48","22","266","335","293.6","26.7","-30"
"338",13,"Joshua Karty",FA,"K16","24","223","338","276.8","34.8","-"
"339",13,"Tanner Koziol",JAC,"TE49","22","263","366","311.4","31.4","-"
"340",13,"Keenan Allen",LAC,"WR118","34","236","389","298.3","58.1","-55"
"341",13,"Harrison Mevis",LAR,"K17","24","289","326","300.7","14.9","-"
"342",13,"Jalen Tolbert",MIA,"WR119","27","196","325","260.0","45.2","-"
"343",13,"Eddy Pineiro",SF,"K18","30","286","335","302.4","17.4","-"
"344",13,"Justice Hill",BAL,"RB91","28","304","337","318.6","14.0","-"
"345",13,"Marlin Klein",HOU,"TE50","23","257","367","306.3","34.4","-34"
"346",13,"George Holani",SEA,"RB92","26","272","362","321.8","32.9","-"
"347",13,"Devin Singletary",NYG,"RB93","28","300","351","314.6","18.2","-"
"348",14,"Luke McCaffrey",WAS,"WR120","25","255","375","315.4","46.1","-"
"349",14,"Joe Milton III",DAL,"QB51","26","241","330","281.2","31.0","-39"
"350",14,"Chicago Bears",CHI,"DST18","-","200","305","250.5","48.7","-"
"351",14,"Emari Demercado",KC,"RB94","27","283","391","338.0","37.1","-"
"352",14,"Konata Mumpfield",LAR,"WR121","23","223","387","284.2","61.8","-"
"353",14,"Deion Burks",IND,"WR122","23","254","350","305.2","38.0","-89"
"354",14,"Charlie Kolar",LAC,"TE51","27","218","388","288.2","70.3","-"
"355",14,"Spencer Rattler",NO,"QB52","25","261","342","289.4","27.6","-"
"356",14,"Jack Endries",CIN,"TE52","22","247","380","323.6","48.9","-73"
"357",14,"San Francisco 49ers",SF,"DST19","-","207","327","264.5","55.7","-"
"358",14,"Garrett Nussmeier",KC,"QB53","24","258","334","296.4","26.0","-62"
"359",14,"Riley Leonard",IND,"QB54","23","282","334","316.0","16.7","-67"
"360",14,"Malik Benson",LV,"WR123","23","243","346","299.8","37.0","-"
"361",14,"CJ Daniels",LAR,"WR124","24","257","394","319.3","54.9","-136"
"362",14,"Cairo Santos",CHI,"K19","34","290","318","302.2","10.9","-"
"363",14,"Joe Flacco",CIN,"QB55","41","277","393","321.7","38.0","-"
"364",14,"Jason Sanders",NYJ,"K20","30","222","342","280.5","56.6","-"
"365",14,"Darius Slayton",NYG,"WR125","29","259","391","322.7","47.2","-"
"366",14,"Mitchell Evans",CAR,"TE53","23","238","391","323.0","56.8","-"
"367",14,"Blake Grupe",IND,"K21","27","271","292","282.3","7.6","-"
"368",14,"Jake Elliott",PHI,"K22","31","285","349","307.8","22.9","-"
"369",14,"Daniel Carlson",LV,"K23","31","218","300","246.7","37.8","-"
"370",14,"Jam Miller",NE,"RB95","22","267","352","310.8","33.6","-115"
"371",14,"New York Giants",NYG,"DST20","-","223","292","247.3","31.6","-"
"372",14,"Ja'Lynn Polk",FA,"WR126","24","214","382","311.6","63.4","-"
"373",14,"Calvin Austin III",NYG,"WR127","27","270","328","312.4","21.8","-"
"374",14,"J'Mari Taylor",JAC,"RB96","24","257","401","312.8","51.2","-112"
"375",14,"Jaylin Lane",WAS,"WR128","24","273","369","313.4","31.4","-"
"376",14,"Tanner McKee",PHI,"QB56","26","253","381","329.5","45.9","-"
"377",14,"Tutu Atwell",MIA,"WR129","26","294","395","332.7","33.5","-"
"378",14,"Dallas Cowboys",DAL,"DST21","-","221","330","258.7","50.5","-"
"379",14,"Dont'e Thornton Jr.",LV,"WR130","23","282","398","334.2","37.1","-116"
"380",14,"Tyson Bagent",CHI,"QB57","26","261","383","320.2","49.5","-67"
"381",14,"Matt Hibner",BAL,"TE54","24","268","360","321.8","31.2","-"
"382",14,"Trey Smack",GB,"K24","23","293","332","302.8","16.9","-"
"383",14,"Jahan Dotson",ATL,"WR131","26","232","341","303.3","42.7","-105"
"384",14,"Dillon Gabriel",CLE,"QB58","25","269","384","324.4","38.2","-"
"385",14,"Roman Hemby",LV,"RB97","23","289","391","324.6","38.3","-101"
"386",14,"Audric Estime",NO,"RB98","22","305","361","325.6","24.0","-"
"387",14,"Washington Commanders",WAS,"DST22","-","290","315","305.5","9.4","-"
"388",14,"Savion Williams",GB,"WR132","24","317","337","329.0","6.6","-"
"389",14,"Jordan Whittington",LAR,"WR133","25","265","405","354.7","48.1","-"
"390",14,"Joshua Palmer",BUF,"WR134","26","243","392","346.3","51.5","-"
"391",14,"Joe Mixon",FA,"RB99","30","287","349","316.5","23.1","-126"
"392",14,"Malik Davis",DAL,"RB100","27","296","366","336.0","29.0","-"
"393",14,"Dawson Knox",BUF,"TE55","29","319","383","348.3","24.1","-"
"394",14,"Josh Cameron",JAC,"WR135","23","300","364","337.4","29.0","-94"
"395",14,"Samaje Perine",CIN,"RB101","30","281","356","320.8","34.0","-"
"396",14,"Zavion Thomas",CHI,"WR136","22","262","373","338.2","39.0","-"
"397",14,"Trey Lance",LAC,"QB59","26","290","378","340.4","32.5","-"
"398",14,"Aaron Anderson",FA,"WR137","23","251","364","302.7","46.6","-104"
"399",14,"Robert Henry Jr.",WAS,"RB102","24","274","373","329.3","38.7","-"
"400",14,"Erick All Jr.",CIN,"TE56","25","322","392","355.3","24.2","-"
"401",14,"KeAndre Lambert-Smith",LAC,"WR138","24","315","396","355.8","28.0","-"
"402",14,"Michael Trigg",DAL,"TE57","24","250","390","331.5","51.4","-174"
"403",14,"Treylon Burks",WAS,"WR139","26","213","406","347.4","70.3","-"
"404",14,"Tyler Bass",BUF,"K25","29","283","342","310.0","24.3","-"
"405",14,"Mack Hollins",NE,"WR140","32","274","376","334.8","40.1","-"
"406",14,"John Metchie III",CAR,"WR141","26","291","386","350.8","33.3","-"
"407",14,"Will Levis",TEN,"QB60","27","312","365","337.8","18.8","-"
"408",14,"Davis Mills",HOU,"QB61","27","307","386","352.0","25.9","-"
"409",14,"Gardner Minshew II",ARI,"QB62","30","253","385","342.8","52.4","-"
"410",14,"Tyler Higbee",LAR,"TE58","33","304","389","364.3","31.8","-"
"411",14,"Jaleel McLaughlin",DEN,"RB103","25","308","397","356.0","35.7","-"
"412",14,"Luke Musgrave",GB,"TE59","25","346","375","358.0","11.6","-"
"413",14,"Noah Fant",NO,"TE60","28","311","382","347.3","27.3","-"
"414",14,"Noah Gray",KC,"TE61","27","338","385","359.2","16.0","-142"
"415",14,"Brandon McManus",FA,"K26","35","288","302","295.0","7.0","-"
"416",14,"Barion Brown",NO,"WR142","22","304","397","362.6","33.0","-"
"417",14,"Ty Johnson",BUF,"RB104","28","323","378","352.3","20.5","-"
"418",14,"Nate Boerkircher",JAC,"TE62","24","351","377","365.8","9.2","-112"
"419",15,"Elijah Higgins",ARI,"TE63","25","286","400","355.8","43.9","-"
"420",15,"Kendrick Law",DET,"WR143","23","293","382","339.0","36.4","-"
"421",15,"Devontez Walker",BAL,"WR144","25","299","367","340.7","29.8","-"
"422",15,"KaVontae Turpin",DAL,"WR145","30","278","380","342.0","45.5","-"
"423",15,"Jawhar Jordan",HOU,"RB105","26","302","390","346.0","35.9","-"
"424",15,"Joe Royer",CLE,"TE64","24","352","387","370.6","11.5","-"
"425",15,"Darren Waller",FA,"TE65","33","254","380","317.0","63.0","-"
"426",15,"Jeff Caldwell",KC,"WR146","23","350","399","374.4","19.5","-"
"427",15,"Tyler Conklin",DET,"TE66","31","246","420","333.0","87.0","-"
"428",15,"Jaren Kanak",TEN,"TE67","22","322","399","355.7","32.2","-"
"429",15,"Tai Felton",MIN,"WR147","23","346","389","368.8","16.5","-"
"430",15,"Will Kacmarek",MIA,"TE68","23","290","395","356.3","47.1","-"
"431",15,"Phil Mafah",DAL,"RB106","23","309","433","365.0","51.3","-"
"432",15,"Colbie Young",CIN,"WR148","24","313","394","358.7","33.9","-"
"433",15,"Eric Rivers Jr.",TB,"WR149","23","346","375","358.7","12.1","-132"
"434",15,"Jonnu Smith",FA,"TE69","30","341","341","341.0","0.0","-"
"435",15,"Tyren Montgomery",TEN,"WR150","-","359","404","381.4","16.6","-"
"436",15,"Jimmy Garoppolo",LAR,"QB63","34","330","366","348.0","18.0","-"
"437",15,"Zach Ertz",FA,"TE70","35","328","373","350.5","22.5","-"
"438",15,"Mason Rudolph",PIT,"QB64","31","339","369","354.0","15.0","-"
"439",15,"Riley Nowakowski",PIT,"TE71","24","356","395","373.7","16.1","-"
"440",15,"Tyler Huntley",BAL,"QB65","28","348","372","360.0","12.0","-"
"441",15,"DeAndre Hopkins",BAL,"WR151","34","376","400","383.8","9.6","-"
"442",15,"Jake Browning",TB,"QB66","30","348","375","361.5","13.5","-"
"443",15,"Roschon Johnson",CHI,"RB107","25","316","413","364.5","48.5","-"
"444",15,"Andy Dalton",PHI,"QB67","38","331","393","362.0","31.0","-"
"445",15,"Seydou Traore",MIA,"TE72","23","317","416","366.5","49.5","-"
"446",15,"Olamide Zaccheaus",ATL,"WR152","29","354","398","377.0","18.0","-"
"447",15,"Rasheen Ali",BAL,"RB108","25","320","415","367.5","47.5","-"
"448",15,"Dyami Brown",WAS,"WR153","26","376","383","378.3","3.3","-"
"449",15,"John Michael Gyllenborg",KC,"TE73","24","321","437","379.0","58.0","-"
"450",15,"Dallen Bentley",DEN,"TE74","25","359","398","385.8","15.6","-"
"451",15,"Kenny Pickett",CAR,"QB68","28","358","377","367.5","9.5","-"
"452",15,"Aidan O'Connell",LV,"QB69","27","367","368","367.5","0.5","-"
"453",15,"Carsen Ryan",CLE,"TE75","22","371","396","380.7","11.0","-"
"454",15,"Josh Cuevas",BAL,"TE76","22","374","397","383.0","10.0","-"
"455",15,"Zach Wilson",NO,"QB70","27","350","395","372.5","22.5","-"
"456",15,"Austin Hooper",ATL,"TE77","31","356","391","373.5","17.5","-"
"457",15,"Reggie Virgil",ARI,"WR154","22","369","405","385.3","14.9","-"
"458",15,"Efton Chism III",NE,"WR155","24","343","419","381.0","38.0","-"
"459",15,"Jordan Watkins",SF,"WR156","24","364","387","375.5","11.5","-"
"460",15,"Dae'Quan Wright",PHI,"TE78","22","371","418","389.7","20.4","-"
"461",15,"Kareem Hunt",FA,"RB109","31","371","381","376.0","5.0","-"
"462",15,"Kaden Wetjen",PIT,"WR157","24","373","406","387.7","13.7","-"
"463",15,"Bam Knight",ARI,"RB110","25","371","434","397.0","26.9","-"
"464",15,"Jahdae Walker",CHI,"WR158","24","356","451","403.5","47.5","-"
"465",15,"Chase Roberts",LV,"WR159","25","358","429","393.5","35.5","-"
"466",15,"Josh Oliver",MIN,"TE79","29","361","410","385.5","24.5","-"
"467",15,"Austin Ekeler",FA,"RB111","31","362","458","410.0","48.0","-"
"468",15,"Cade Stover",HOU,"TE80","26","386","386","386.0","0.0","-"
"469",15,"Jimmy Horn Jr.",CAR,"WR160","23","366","421","393.5","27.5","-"
"470",15,"Terion Stewart",KC,"RB112","24","372","402","387.0","15.0","-"
"471",15,"Adam Trautman",DEN,"TE81","29","373","401","387.0","14.0","-"
"472",15,"Dean Connors",LAR,"RB113","22","367","441","404.0","37.0","-"
"473",15,"Xavier Hutchinson",HOU,"WR161","26","381","439","404.3","25.0","-"
"474",15,"Jared Wiley",KC,"TE82","25","370","435","402.5","32.5","-"
"475",15,"Jeremy Ruckert",NYJ,"TE83","26","374","442","408.0","34.0","-"
"476",16,"Jaydn Ott",KC,"RB114","23","377","446","411.5","34.5","-"
"477",16,"Roman Wilson",PIT,"WR162","25","379","453","416.0","37.0","-"
"478",16,"Daniel Bellinger",TEN,"TE84","25","384","407","395.5","11.5","-"
"479",16,"Thomas Fidone II",NYG,"TE85","23","390","426","406.3","14.9","-"
"480",16,"Tommy Tremble",CAR,"TE86","26","388","417","402.5","14.5","-"
"481",16,"Nick Westbrook-Ikhine",IND,"WR163","29","388","427","407.5","19.5","-"
"482",16,"Grant Calcaterra",PHI,"TE87","27","392","450","421.0","29.0","-"