Players RK,Players PLAYER,Rushing ATT,Rushing YDS,Rushing Y/A,Rushing TD,Rushing PCT,Receiving REC,Receiving TGT,Receiving REC PCT,Receiving YDS,Receiving Y/R,Receiving TD,Receiving TGT PCT,Misc FL,Misc G,Misc FPTS,Misc FPTS/G,Misc ROST %
1,Christian McCaffrey   SF,74,119,1.6,10,84.1%,20,24,83.3%,118,5.9,7,72.7%,0,17,125.7,7.4,99.5%
2,Jonathan Taylor   IND,69,207,3.0,14,93.2%,4,4,100.0%,33,8.3,2,57.1%,0,17,120.0,7.1,99.3%
3,Jahmyr Gibbs   DET,51,166,3.3,9,61.4%,11,13,84.6%,97,8.8,4,86.7%,0,17,104.3,6.1,99.4%
4,Kyren Williams   LAR,49,146,3.0,10,66.2%,8,9,88.9%,60,7.5,3,90.0%,1,17,96.6,5.7,98.1%
5,Josh Jacobs   GB,52,153,2.9,12,69.3%,5,6,83.3%,29,5.8,1,54.5%,1,15,94.2,6.3,98.7%
6,Javonte Williams   DAL,54,159,2.9,10,77.1%,8,12,66.7%,29,3.6,2,75.0%,0,16,90.8,5.7,96.8%
7,Travis Etienne Jr.   NO,51,152,3.0,5,65.4%,8,10,80.0%,77,9.6,5,71.4%,0,17,82.9,4.9,95.9%
8,Chase Brown   CIN,36,116,3.2,6,72.0%,7,10,70.0%,59,8.4,4,90.9%,0,17,77.5,4.6,98.7%
9,Derrick Henry   BAL,63,158,2.5,10,76.8%,2,2,100.0%,13,6.5,0,50.0%,0,17,77.1,4.5,99.1%
10,Zach Charbonnet   SEA,45,105,2.3,11,54.2%,2,2,100.0%,2,1.0,0,40.0%,0,16,76.7,4.8,70.5%
11,RJ Harvey   DEN,24,47,2.0,5,47.1%,8,9,88.9%,44,5.5,4,60.0%,0,17,63.1,3.7,86.0%
12,James Cook III   BUF,56,154,2.8,7,77.8%,3,3,100.0%,10,3.3,1,33.3%,1,17,62.4,3.7,99.5%
13,D'Andre Swift   CHI,39,131,3.4,8,52.0%,1,1,100.0%,10,10.0,0,25.0%,0,16,62.1,3.9,93.9%
14,Kareem Hunt   FA,37,86,2.3,8,55.2%,2,5,40.0%,13,6.5,1,31.3%,1,17,61.9,3.6,1.3%
15,Bijan Robinson   ATL,34,88,2.6,5,51.5%,9,13,69.2%,71,7.9,3,92.9%,2,17,59.9,3.5,99.4%
16,Jacory Croskey-Merritt   WAS,26,105,4.0,7,43.3%,1,1,100.0%,11,11.0,0,25.0%,0,17,53.6,3.2,74.7%
17,Ashton Jeanty   LV,30,47,1.6,3,88.2%,9,10,90.0%,44,4.9,4,90.9%,0,17,51.1,3.0,99.1%
18,De'Von Achane   MIA,32,97,3.0,3,57.1%,7,11,63.6%,51,7.3,3,84.6%,0,16,50.8,3.2,99.2%
19,Cam Skattebo   NYG,23,65,2.8,5,38.3%,3,4,75.0%,32,10.7,2,44.4%,1,8,49.7,6.2,96.4%
20,Tyler Allgeier   ARI,32,72,2.3,7,48.5%,1,1,100.0%,4,4.0,0,7.1%,0,17,49.6,2.9,46.5%
21,Kenny Gainwell   TB,21,48,2.3,4,33.3%,14,17,82.4%,74,5.3,2,73.9%,0,17,48.2,2.8,82.0%
22,David Montgomery   HOU,32,61,1.9,6,38.6%,1,2,50.0%,7,7.0,0,13.3%,0,17,46.9,2.8,93.5%
23,Saquon Barkley   PHI,43,83,1.9,5,76.8%,5,7,71.4%,22,4.4,1,87.5%,0,16,46.5,2.9,99.4%
24,Jordan Mason   MIN,27,101,3.7,6,61.4%,1,1,100.0%,1,1.0,0,12.5%,0,16,46.2,2.9,70.8%
25,Rico Dowdle   PIT,33,78,2.4,6,60.0%,3,5,60.0%,13,4.3,0,45.5%,0,17,45.1,2.7,89.4%
26,Bhayshul Tuten   JAC,23,66,2.9,4,29.5%,2,2,100.0%,24,12.0,2,14.3%,0,15,45.0,3.0,90.0%
27,Quinshon Judkins   CLE,32,56,1.8,6,65.3%,1,1,100.0%,16,16.0,0,6.7%,0,14,43.2,3.1,93.7%
28,Sean Tucker   TB,21,61,2.9,6,38.2%,1,3,33.3%,-4,-4.0,0,17.6%,0,17,41.7,2.5,19.0%
29,Kyle Monangai   CHI,36,102,2.8,5,48.0%,2,3,66.7%,1,0.5,0,75.0%,0,17,40.3,2.4,84.3%
30,Blake Corum   LAR,25,89,3.6,5,33.8%,0,1,0.0%,0,0.0,0,10.0%,0,17,38.9,2.3,82.4%
31,Jaylen Warren   PIT,34,75,2.2,4,54.0%,3,4,75.0%,14,4.7,1,17.4%,0,16,38.9,2.4,90.5%
32,Chris Rodriguez Jr.   JAC,27,85,3.1,5,45.0%,0,1,0.0%,0,0.0,0,25.0%,0,13,38.5,3.0,41.2%
33,Woody Marks   HOU,32,58,1.8,2,55.2%,5,7,71.4%,19,3.8,3,58.3%,0,16,37.7,2.4,54.6%
34,Kenneth Walker III   KC,33,113,3.4,4,39.8%,2,3,66.7%,7,3.5,0,60.0%,0,17,36.0,2.1,99.3%
35,Bam Knight   ARI,16,25,1.6,4,41.0%,4,6,66.7%,29,7.3,1,30.0%,0,12,35.4,2.9,0.7%
36,Rachaad White   WAS,18,41,2.3,4,32.7%,9,10,90.0%,48,5.3,0,58.8%,0,17,32.9,1.9,79.9%
37,Omarion Hampton   LAC,26,77,3.0,3,42.6%,2,2,100.0%,8,4.0,1,22.2%,0,9,32.5,3.6,98.9%
38,J.K. Dobbins   DEN,20,74,3.7,4,39.2%,0,0,0.0%,0,0.0,0,0.0%,0,10,31.4,3.1,86.8%
39,Ollie Gordon II   MIA,17,47,2.8,3,30.4%,2,2,100.0%,23,11.5,1,15.4%,0,17,31.0,1.8,3.8%
40,TreVeyon Henderson   NE,32,71,2.2,3,48.5%,4,4,100.0%,13,3.3,1,50.0%,1,17,30.4,1.8,93.6%
41,Rhamondre Stevenson   NE,25,47,1.9,4,37.9%,4,4,100.0%,25,6.3,0,50.0%,1,14,29.2,2.1,86.8%
42,Kimani Vidal   LAC,26,61,2.3,2,42.6%,3,6,50.0%,16,5.3,1,66.7%,0,13,25.7,2.0,14.4%
43,Emanuel Wilson   SEA,21,74,3.5,3,28.0%,1,2,50.0%,-1,-1.0,0,18.2%,0,17,25.3,1.5,13.2%
44,Tony Pollard   TEN,19,70,3.7,3,57.6%,0,0,0.0%,0,0.0,0,0.0%,0,17,25.0,1.5,89.3%
45,Devin Singletary   NYG,19,31,1.6,3,31.7%,2,2,100.0%,5,2.5,0,22.2%,0,17,21.6,1.3,1.4%
46,Tyrone Tracy Jr.   NYG,18,62,3.4,1,30.0%,2,3,66.7%,13,6.5,1,33.3%,0,15,19.5,1.3,40.8%
47,Breece Hall   NYJ,24,40,1.7,2,55.8%,2,9,22.2%,13,6.5,0,64.3%,1,16,19.5,1.2,97.6%
48,Isiah Pacheco   DET,20,60,3.0,1,29.9%,2,4,50.0%,13,6.5,1,25.0%,0,13,19.3,1.5,52.5%
49,Bucky Irving   TB,16,51,3.2,1,29.1%,3,4,75.0%,11,3.7,1,23.5%,0,10,18.2,1.8,95.5%
50,Ty Johnson   BUF,12,51,4.3,2,16.7%,1,3,33.3%,7,7.0,0,33.3%,0,17,17.8,1.0,3.4%
51,Brian Robinson Jr.   ATL,13,46,3.5,2,14.8%,3,4,75.0%,12,4.0,0,12.1%,0,17,17.8,1.0,37.5%
52,Aaron Jones Sr.   MIN,14,44,3.1,2,31.8%,3,5,60.0%,11,3.7,0,62.5%,0,12,17.5,1.5,83.9%
53,Chuba Hubbard   CAR,17,47,2.8,1,30.9%,4,6,66.7%,5,1.3,1,54.5%,0,15,17.2,1.1,88.5%
54,Tyjae Spears   TEN,10,30,3.0,2,30.3%,7,7,100.0%,14,2.0,0,100.0%,0,13,16.4,1.3,47.7%
55,Jaylen Wright   MIA,6,25,4.2,2,10.7%,0,0,0.0%,0,0.0,0,0.0%,0,11,14.5,1.3,10.4%
56,Kyle Juszczyk   SF,1,-1,-1.0,0,1.1%,5,5,100.0%,21,4.2,2,15.2%,0,17,14.0,0.8,1.0%
57,Samaje Perine   CIN,14,35,2.5,2,28.0%,1,1,100.0%,5,5.0,0,9.1%,1,15,14.0,0.9,5.1%
58,James Conner   ARI,5,15,3.0,1,12.8%,1,1,100.0%,4,4.0,1,5.0%,0,4,13.9,3.5,28.6%
59,Devin Neal   NO,5,18,3.6,2,17.2%,1,1,100.0%,1,1.0,0,16.7%,0,9,13.9,1.5,6.2%
60,Alvin Kamara   NO,15,58,3.9,1,51.7%,4,5,80.0%,5,1.3,0,83.3%,0,11,12.3,1.1,53.0%
61,Justice Hill   BAL,3,-10,-3.3,1,3.7%,1,1,100.0%,11,11.0,1,25.0%,0,10,12.1,1.2,9.3%
62,Brashard Smith   KC,10,26,2.6,0,14.9%,6,7,85.7%,23,3.8,1,43.8%,0,17,10.9,0.6,4.8%
63,Keaton Mitchell   LAC,14,48,3.4,1,17.1%,0,0,0.0%,0,0.0,0,0.0%,0,13,10.8,0.8,33.7%
64,Dylan Sampson   CLE,7,10,1.4,0,14.3%,4,6,66.7%,31,7.8,1,40.0%,0,15,10.1,0.7,24.8%
65,Michael Carter   TEN,8,10,1.3,1,20.5%,4,7,57.1%,19,4.8,0,35.0%,0,13,8.9,0.7,0.6%
66,Kendre Miller   NO,5,28,5.6,1,17.2%,0,0,0.0%,0,0.0,0,0.0%,0,7,8.8,1.3,5.6%
67,Dare Ogunbowale   FA,6,12,2.0,1,10.3%,2,3,66.7%,14,7.0,0,25.0%,0,17,8.6,0.5,1.0%
68,Emari Demercado   KC,5,11,2.2,0,12.8%,3,4,75.0%,13,4.3,1,20.0%,0,13,8.4,0.6,2.3%
69,Zavier Scott   MIN,2,9,4.5,0,4.5%,2,2,100.0%,14,7.0,1,25.0%,0,11,8.3,0.8,0.6%
70,Ray Davis   BUF,4,8,2.0,0,5.6%,3,3,100.0%,15,5.0,1,33.3%,0,17,8.3,0.5,15.7%
71,Nick Chubb   FA,13,20,1.5,1,22.4%,1,2,50.0%,0,0.0,0,16.7%,0,15,8.0,0.5,1.0%
72,Malik Davis   DAL,8,20,2.5,1,11.4%,0,0,0.0%,0,0.0,0,0.0%,0,10,8.0,0.8,3.2%
73,Ameer Abdullah   JAC,3,10,3.3,1,4.1%,1,1,100.0%,8,8.0,0,14.3%,0,13,7.8,0.6,0.6%
74,Jaret Patterson   LAC,6,18,3.0,1,9.8%,0,0,0.0%,0,0.0,0,0.0%,0,6,7.8,1.3,1.1%
75,Jaleel McLaughlin   DEN,4,17,4.3,1,7.8%,0,0,0.0%,0,0.0,0,0.0%,0,8,7.7,1.0,0.7%
76,George Holani   SEA,5,16,3.2,1,6.0%,0,0,0.0%,0,0.0,0,0.0%,0,10,7.6,0.8,8.1%
77,Raheim Sanders   CLE,6,15,2.5,1,12.2%,0,0,0.0%,0,0.0,0,0.0%,0,5,7.5,1.5,0.6%
78,Hunter Luepke   DAL,1,0,0.0,0,1.4%,3,3,100.0%,15,5.0,1,18.8%,0,17,7.5,0.4,0.7%
79,Terrell Jennings   NE,4,15,3.8,1,6.1%,0,0,0.0%,0,0.0,0,0.0%,0,6,7.5,1.3,0.6%
80,Miles Sanders   FA,6,25,4.2,1,8.6%,1,1,100.0%,3,3.0,0,6.3%,1,4,6.8,1.7,0.6%
81,Antonio Gibson   FA,4,3,0.8,1,6.1%,0,0,0.0%,0,0.0,0,0.0%,0,5,6.3,1.3,1.3%
82,C.J. Ham   FA,1,1,1.0,1,2.3%,0,0,0.0%,0,0.0,0,0.0%,0,11,6.1,0.6,1.0%
83,Braelon Allen   NYJ,6,12,2.0,1,14.0%,1,2,50.0%,5,5.0,0,14.3%,1,4,5.7,1.4,21.1%
84,Jeremy McNichols   WAS,5,37,7.4,0,8.3%,2,2,100.0%,6,3.0,0,50.0%,0,17,4.3,0.3,0.6%
85,Isaiah Davis   NYJ,9,30,3.3,0,20.9%,1,1,100.0%,9,9.0,0,7.1%,0,16,3.9,0.2,3.0%
86,LeQuint Allen Jr.   JAC,4,18,4.5,0,5.1%,2,2,100.0%,9,4.5,0,14.3%,0,17,2.7,0.2,5.2%
87,Tank Bigsby   PHI,11,19,1.7,0,19.6%,1,1,100.0%,2,2.0,0,12.5%,0,16,2.1,0.1,31.2%
88,Trevor Etienne   CAR,4,19,4.8,0,7.3%,0,0,0.0%,0,0.0,0,0.0%,0,17,1.9,0.1,1.5%
89,Tyler Badie   DEN,1,6,6.0,0,2.0%,3,4,75.0%,12,4.0,0,26.7%,0,16,1.8,0.1,1.0%
90,Jerome Ford   WAS,4,7,1.8,0,8.2%,5,6,83.3%,7,1.4,0,40.0%,0,13,1.4,0.1,3.4%
91,Trey Benson   ARI,3,8,2.7,0,7.7%,1,2,50.0%,6,6.0,0,10.0%,0,5,1.4,0.3,12.4%
92,Raheem Mostert   LV,4,10,2.5,0,11.8%,1,1,100.0%,3,3.0,0,9.1%,0,12,1.3,0.1,0.6%
93,Rasheen Ali   BAL,2,7,3.5,0,2.4%,1,1,100.0%,5,5.0,0,25.0%,0,15,1.2,0.1,1.0%
94,Jawhar Jordan   HOU,4,12,3.0,0,6.9%,0,0,0.0%,0,0.0,0,0.0%,0,4,1.2,0.3,0.6%
95,Kaleb Johnson   PIT,4,11,2.8,0,6.3%,0,0,0.0%,0,0.0,0,0.0%,0,10,1.1,0.1,8.4%
96,AJ Dillon   CAR,2,9,4.5,0,3.6%,0,0,0.0%,0,0.0,0,0.0%,0,7,0.9,0.1,0.6%
97,Adam Prentice   DEN,2,4,2.0,0,3.9%,1,2,50.0%,5,5.0,0,13.3%,0,17,0.9,0.1,0.6%
98,Austin Ekeler   FA,2,8,4.0,0,3.3%,0,0,0.0%,0,0.0,0,0.0%,0,3,0.8,0.3,1.6%
99,Najee Harris   LAC,1,7,7.0,0,1.6%,0,0,0.0%,0,0.0,0,0.0%,0,3,0.7,0.2,7.2%
100,Corey Kiner   ARI,2,6,3.0,0,5.1%,0,0,0.0%,0,0.0,0,0.0%,0,4,0.6,0.2,1.0%
101,Chris Brooks   GB,2,4,2.0,0,2.7%,1,3,33.3%,2,2.0,0,27.3%,0,17,0.6,0.0,6.1%
102,Kene Nwangwu   NYJ,3,5,1.7,0,7.0%,0,0,0.0%,0,0.0,0,0.0%,0,10,0.5,0.1,0.1%
103,Jaydon Blue   DAL,1,5,5.0,0,1.4%,0,0,0.0%,0,0.0,0,0.0%,0,5,0.5,0.1,11.2%
104,Hassan Haskins   LAC,2,4,2.0,0,3.3%,0,0,0.0%,0,0.0,0,0.0%,0,13,0.4,0.0,1.0%
105,Julius Chestnut   TEN,4,4,1.0,0,12.1%,0,0,0.0%,0,0.0,0,0.0%,0,17,0.4,0.0,0.7%
106,Evan Hull   ARI,2,4,2.0,0,6.9%,0,0,0.0%,0,0.0,0,0.0%,0,6,0.4,0.1,2.9%
107,Alec Ingold   LAC,1,3,3.0,0,1.8%,0,0,0.0%,0,0.0,0,0.0%,0,17,0.3,0.0,0.6%
108,Dameon Pierce   PHI,1,2,2.0,0,1.7%,0,0,0.0%,0,0.0,0,0.0%,0,5,0.2,0.0,0.8%
109,Audric Estime   NO,2,2,1.0,0,6.9%,0,0,0.0%,0,0.0,0,0.0%,0,7,0.2,0.0,3.9%
110,DJ Giddens   IND,2,2,1.0,0,2.7%,0,1,0.0%,0,0.0,0,14.3%,0,9,0.2,0.0,2.9%
111,D'Ernest Johnson   FA,1,1,1.0,0,1.5%,0,0,0.0%,0,0.0,0,0.0%,0,6,0.1,0.0,1.0%
112,Patrick Ricard   NYG,0,0,0.0,0,0.0%,0,0,0.0%,0,0.0,0,0.0%,0,12,0.0,0.0,0.8%
113,DeeJay Dallas   JAC,1,0,0.0,0,1.8%,0,0,0.0%,0,0.0,0,0.0%,0,5,0.0,0.0,0.1%
114,Reggie Gilliam   NE,0,0,0.0,0,0.0%,0,0,0.0%,0,0.0,0,0.0%,0,19,0.0,0.0,0.1%
115,Khalil Herbert   SF,0,0,0.0,0,0.0%,0,1,0.0%,0,0.0,0,7.1%,0,5,0.0,0.0,1.8%
116,Tyler Goodson   ATL,0,0,0.0,0,0.0%,0,1,0.0%,0,0.0,0,14.3%,0,11,0.0,0.0,0.7%
117,British Brooks   HOU,2,0,0.0,0,3.4%,0,0,0.0%,0,0.0,0,0.0%,0,14,0.0,0.0,0.0%
118,Trayveon Williams   FA,0,0,0.0,0,0.0%,2,2,100.0%,-1,-0.5,0,13.3%,0,7,-0.1,0.0,0.0%