"Player","Team","ATT","YDS","TDS","REC","YDS","TDS","FL","FPTS"
" ","","",""
"Jahmyr Gibbs","DET","274.4","1,381.0","13.8","70.9","580.6","4.1","1.1","337.1"
"Bijan Robinson","ATL","289.9","1,427.4","9.2","79.2","736.0","3.5","1.8","328.0"
"Christian McCaffrey","SF","269.4","1,093.3","8.7","78.4","694.1","4.6","1.1","295.6"
"Jonathan Taylor","IND","327.4","1,509.4","12.9","45.1","338.2","1.5","1.7","289.9"
"Derrick Henry","BAL","314.0","1,569.0","13.4","17.8","172.2","0.7","1.7","264.2"
"De'Von Achane","MIA","237.9","1,197.9","6.0","65.3","490.6","4.0","1.0","259.4"
"James Cook III","BUF","287.3","1,403.2","10.3","33.3","281.4","1.9","2.4","253.5"
"Ashton Jeanty","LV","281.4","1,107.2","8.0","58.7","413.9","3.3","1.1","247.5"
"Chase Brown","CIN","239.4","1,040.1","7.5","64.4","429.9","3.9","1.1","245.5"
"Saquon Barkley","PHI","295.9","1,311.3","8.2","41.7","330.4","2.1","1.0","245.0"
"Josh Jacobs","GB","288.8","1,161.3","12.0","35.7","283.9","1.2","1.3","239.1"
"Omarion Hampton","LAC","249.1","1,072.5","10.0","51.6","352.8","2.0","1.1","237.7"
"Breece Hall","NYJ","259.3","1,159.7","6.5","47.4","411.3","2.2","1.7","229.9"
"Kenneth Walker III","KC","255.7","1,158.1","8.3","45.1","347.1","1.2","0.9","228.6"
"Jeremiyah Love","ARI","238.3","1,078.4","7.2","54.4","419.3","2.1","2.2","228.5"
"Kyren Williams","LAR","240.2","1,118.1","10.1","33.8","239.6","2.2","1.5","223.2"
"Cam Skattebo","NYG","243.4","1,015.7","8.1","45.8","364.0","2.5","1.6","221.5"
"Javonte Williams","DAL","255.5","1,157.4","10.4","33.0","192.1","1.2","1.6","217.5"
"Travis Etienne Jr.","NO","244.3","1,036.0","5.4","44.9","351.2","3.0","1.0","209.5"
"D'Andre Swift","CHI","233.1","1,053.1","8.1","34.8","300.2","1.0","1.0","205.4"
"Bucky Irving","TB","256.5","1,021.2","6.1","39.9","336.5","2.3","1.0","204.0"
"Quinshon Judkins","CLE","288.8","1,101.5","8.1","31.3","217.3","0.6","0.9","197.7"
"Bhayshul Tuten","JAC","243.0","992.8","8.2","29.2","221.6","2.1","2.2","193.9"
"TreVeyon Henderson","NE","190.1","885.9","7.3","37.7","261.5","1.2","0.9","182.7"
"David Montgomery","HOU","225.5","936.3","7.3","30.5","226.2","0.5","1.0","176.7"
"Tony Pollard","TEN","238.8","1,045.3","5.9","31.9","207.7","0.5","2.1","175.1"
"Jadarian Price","SEA","215.2","912.2","7.6","26.0","220.1","1.1","2.0","174.5"
"Jaylen Warren","PIT","188.0","825.5","4.8","42.0","320.6","1.5","0.9","171.6"
"Rico Dowdle","PIT","206.6","899.1","6.2","32.1","225.7","1.0","1.0","169.7"
"Chuba Hubbard","CAR","207.0","833.9","5.4","36.4","260.4","1.8","1.4","168.2"
"Rhamondre Stevenson","NE","168.8","733.6","6.5","36.8","309.8","1.6","2.1","167.5"
"J.K. Dobbins","DEN","218.2","1,020.8","6.6","17.7","94.3","0.6","0.7","161.8"
"RJ Harvey","DEN","130.5","495.7","4.6","46.6","343.9","3.5","0.8","154.6"
"Rachaad White","WAS","139.9","618.2","5.4","38.9","262.7","1.6","0.8","147.8"
"Aaron Jones Sr.","MIN","160.0","682.2","3.6","41.0","303.4","1.7","1.6","147.5"
"Kyle Monangai","CHI","191.0","817.3","5.2","22.9","192.7","0.4","0.7","144.5"
"Kenny Gainwell","TB","113.6","498.5","3.9","49.7","351.8","2.0","0.9","143.4"
"Jacory Croskey-Merritt","WAS","182.3","820.7","7.5","11.2","79.5","0.2","1.7","138.0"
"Blake Corum","LAR","167.7","801.5","6.4","11.9","80.4","0.2","0.7","132.6"
"Jonathon Brooks","CAR","167.9","678.2","4.3","26.5","204.3","1.1","1.4","131.3"
"Jordan Mason","MIN","181.7","828.1","5.8","14.5","75.8","0.1","1.0","131.2"
"Alvin Kamara","NO","127.9","491.9","2.8","35.1","242.8","1.3","0.8","113.8"
"Tyjae Spears","TEN","92.1","368.0","2.9","45.9","305.2","1.2","0.7","113.4"
"Zach Charbonnet","SEA","130.5","532.7","5.6","19.8","147.0","0.5","0.7","113.1"
"Woody Marks","HOU","142.6","555.4","2.7","24.0","197.7","1.8","0.8","112.3"
"Tyrone Tracy Jr.","NYG","122.8","521.5","2.5","26.3","203.3","1.2","0.8","106.4"
"Isiah Pacheco","DET","139.2","581.4","3.5","21.1","136.2","0.6","0.8","105.4"
"Justice Hill","BAL","56.4","274.1","2.2","34.7","303.6","1.8","0.2","98.8"
"Chris Rodriguez Jr.","JAC","133.8","553.4","5.1","5.4","42.5","0.1","0.6","92.1"
"Brian Robinson Jr.","ATL","129.8","565.1","4.3","6.9","43.0","0.1","0.7","89.7"
"Dylan Sampson","CLE","73.2","253.2","1.3","35.5","282.9","2.1","1.2","89.5"
"Samaje Perine","CIN","98.9","443.5","3.7","17.9","135.2","0.4","1.9","87.3"
"Tyler Allgeier","ARI","111.7","428.1","4.2","17.1","108.4","0.2","0.6","87.1"
"AJ Dillon","CAR","123.0","509.0","3.0","16.0","136.0","1.0","5.0","86.5"
"Ty Johnson","BUF","51.6","218.4","2.0","24.9","250.7","2.1","0.2","83.8"
"Jordan James","SF","100.1","407.1","3.1","16.1","148.0","0.7","1.2","83.7"
"Braelon Allen","NYJ","97.3","391.8","4.0","12.9","93.8","0.7","1.7","79.6"
"Emari Demercado","KC","76.8","425.9","1.7","16.3","118.9","0.8","1.7","74.3"
"Mike Washington Jr.","LV","92.8","352.5","2.1","15.2","121.4","0.6","0.7","70.1"
"Kaelon Black","SF","93.7","369.3","3.0","8.5","79.2","0.6","1.1","68.6"
"Tank Bigsby","PHI","85.6","419.6","3.2","3.3","29.3","0.1","0.2","65.7"
"Keaton Mitchell","LAC","85.2","394.9","1.9","11.5","82.8","0.2","0.7","64.9"
"Malik Davis","DAL","79.6","373.1","2.7","6.6","52.3","0.1","0.1","62.4"
"Adam Randall","BAL","55.1","281.6","2.0","10.3","103.9","1.1","0.6","60.9"
"Chris Brooks","GB","72.7","323.3","1.3","15.4","107.5","0.3","0.6","59.2"
"Kimani Vidal","LAC","62.2","251.0","1.6","11.9","104.3","0.7","0.1","55.1"
"James Conner","ARI","42.5","155.0","1.5","18.0","131.5","1.0","0.0","52.7"
"Emanuel Wilson","SEA","69.7","289.5","1.7","7.7","52.1","0.0","0.5","47.3"
"Jaylen Wright","MIA","79.9","308.0","1.5","7.2","52.0","0.1","1.2","46.9"
"Jawhar Jordan","HOU","51.3","218.0","1.1","11.0","87.0","0.5","0.5","44.7"
"Kyle Juszczyk","SF","4.2","10.3","0.1","23.7","208.7","1.5","0.1","42.9"
"Jaydon Blue","DAL","48.7","205.0","1.5","8.8","61.8","0.4","0.2","42.1"
"MarShawn Lloyd","GB","50.6","211.7","1.6","6.5","48.5","0.3","0.2","39.9"
"Isaiah Davis","NYJ","35.1","174.6","1.2","9.9","78.2","0.2","0.1","38.3"
"George Holani","SEA","38.9","164.2","1.5","8.0","62.2","0.3","0.2","37.1"
"LeQuint Allen Jr.","JAC","8.0","33.9","0.2","21.7","148.0","0.8","0.1","34.9"
"Frank Gore Jr.","BUF","37.0","174.0","2.0","3.0","26.0","0.0","0.0","33.5"
"Roschon Johnson","CHI","34.0","115.0","3.0","3.0","17.0","0.0","0.0","32.7"
"Ollie Gordon II","MIA","49.4","202.8","1.2","3.9","27.8","0.1","0.2","32.7"
"Ray Davis","BUF","32.3","137.8","1.1","7.8","60.0","0.4","0.2","32.0"
"Emmett Johnson","KC","39.7","165.1","1.3","5.2","41.1","0.2","0.1","31.9"
"DJ Giddens","IND","33.6","141.5","1.0","8.6","56.8","0.3","0.2","31.6"
"Ty Chandler","NO","51.0","138.0","1.0","12.0","57.0","0.0","0.0","31.5"
"Sean Tucker","TB","38.8","163.8","2.2","1.5","10.2","0.0","0.1","31.4"
"Jonah Coleman","DEN","28.3","117.9","0.9","8.1","58.6","0.3","0.1","28.7"
"Brashard Smith","KC","25.0","89.0","0.5","10.5","71.0","0.5","0.0","27.3"
"Phil Mafah","DAL","32.0","142.0","1.0","4.0","34.0","0.0","0.0","25.6"
"Elijah Mitchell","PHI","35.0","159.0","1.0","2.0","22.0","0.0","0.0","25.1"
"Jam Miller","NE","34.0","156.0","1.0","2.0","25.0","0.0","0.0","25.1"
"Salvon Ahmed","CHI","35.0","152.0","1.0","1.0","12.0","0.0","0.0","22.9"
"Jarquez Hunter","LAR","32.0","148.0","1.0","1.0","14.0","0.0","0.0","22.7"
"Israel Abanikanda","DAL","32.0","147.0","1.0","1.0","14.0","0.0","0.0","22.6"
"Dameon Pierce","PHI","35.0","161.0","1.0","0.0","0.0","0.0","0.0","22.1"
"Demond Claiborne","MIN","27.7","121.6","0.9","3.3","25.2","0.1","0.1","22.0"
"Audric Estime","NO","30.0","121.0","1.0","3.0","24.0","0.0","0.0","22.0"
"Donovan Edwards","MIA","31.0","130.0","1.0","2.0","19.0","0.0","0.0","21.9"
"Carlos Washington Jr.","MIA","31.0","130.0","1.0","2.0","19.0","0.0","0.0","21.9"
"Will Shipley","PHI","9.3","39.6","0.3","11.3","83.5","0.4","0.1","21.9"
"Seth McGowan","IND","22.3","97.1","1.2","3.2","26.9","0.1","0.0","21.6"
"Najee Harris","LAC","28.0","126.0","1.0","2.0","18.0","0.0","0.0","21.4"
"Hunter Luepke","DAL","13.3","56.1","0.4","8.6","61.7","0.4","0.1","20.7"
"Kaytron Allen","WAS","23.6","110.8","0.7","3.1","25.4","0.1","0.0","19.9"
"Tahj Brooks","CIN","30.6","129.4","0.9","0.0","0.0","0.0","0.1","18.3"
"Devin Neal","NO","22.5","89.5","1.0","2.5","17.5","0.0","0.0","18.0"
"Devin Singletary","NYG","22.3","89.2","0.6","4.2","26.3","0.1","0.1","17.7"
"Nicholas Singleton","TEN","20.3","83.4","0.6","4.3","29.9","0.2","0.1","17.5"
"Jerome Ford","WAS","17.5","97.0","0.5","4.0","23.5","0.0","0.0","17.1"
"Tyler Badie","DEN","4.1","17.7","0.1","8.0","65.5","0.4","0.1","15.1"
"Michael Burton","CLE","6.6","13.3","0.6","5.1","32.7","0.6","0.0","13.9"
"Isaac Guerendo","SF","16.5","80.0","0.5","2.0","18.5","0.0","0.0","13.9"
"Trevor Etienne","CAR","12.3","52.5","0.3","4.1","29.7","0.2","0.1","12.8"
"Andrew Beck","NYJ","0.5","4.0","0.0","4.6","31.6","1.1","0.0","12.5"
"Alec Ingold","LAC","2.1","8.6","0.1","7.9","58.3","0.2","0.1","12.4"
"Adam Prentice","DEN","4.1","17.4","0.1","4.1","29.8","0.2","0.0","8.4"
"Connor Heyward","LV","4.2","17.6","0.1","4.0","28.9","0.2","0.0","8.2"
"Max Bredeson","MIN","2.0","8.5","0.1","4.5","29.4","0.2","0.0","7.4"
"Kendre Miller","NO","12.9","54.8","0.3","0.0","0.0","0.0","0.0","7.2"
"Riley Nowakowski","PIT","0.0","0.0","0.0","4.3","29.1","0.2","0.0","6.0"
"Reggie Gilliam","NE","0.0","0.0","0.0","4.1","29.8","0.2","0.0","5.9"
"Patrick Ricard","NYG","0.0","0.0","0.0","4.0","26.9","0.1","0.0","5.5"
"Kaleb Johnson","PIT","8.6","35.8","0.2","0.0","0.0","0.0","0.0","4.8"
"British Brooks","HOU","4.2","18.0","0.1","0.0","0.0","0.0","0.0","2.4"
"DeeJay Dallas","JAC","0.0","0.0","0.0","0.0","0.0","0.0","0.0","0.0"
"Kene Nwangwu","NYJ","0.0","0.0","0.0","0.0","0.0","0.0","0.0","0.0"
"Bam Knight","ARI","0.0","0.0","0.0","0.0","0.0","0.0","0.0","0.0"
"Trey Benson","ARI","0.0","0.0","0.0","0.0","0.0","0.0","0.0","0.0"
"Jacob Saylors","DET","0.0","0.0","0.0","0.0","0.0","0.0","0.0","0.0"
"Zavier Scott","MIN","0.0","0.0","0.0","0.0","0.0","0.0","0.0","0.0"
"Rasheen Ali","BAL","0.0","0.0","0.0","0.0","0.0","0.0","0.0","0.0"
"Dylan Laube","LV","0.0","0.0","0.0","0.0","0.0","0.0","0.0","0.0"
"Chris Collier","LV","0.0","0.0","0.0","0.0","0.0","0.0","0.0","0.0"
"Josh Williams","TB","0.0","0.0","0.0","0.0","0.0","0.0","0.0","0.0"
""
""