PLAYER,POS,TEAM,1,2,3,4,5,6,7,8,9,10,11,12,13,14,15,16,17,TTL,AVG
Ja'Marr Chase,WR,CIN,5,16,6,8,10,12,23,19,8,BYE,10,—,14,8,16,11,9,175,11.7
Trey McBride,TE,ARI,9,7,8,11,7,11,13,BYE,9,13,11,10,9,9,13,8,13,161,10.1
Amon-Ra St. Brown,WR,DET,6,11,8,7,9,10,10,BYE,13,8,12,13,1,9,18,9,13,157,9.8
Chris Olave,WR,NO,13,10,14,6,11,10,7,12,4,8,BYE,13,7,5,9,16,11,156,9.8
Jaxon Smith-Njigba,WR,SEA,13,10,6,5,9,13,14,BYE,9,6,12,10,4,10,9,13,12,155,9.7
Puka Nacua,WR,LAR,11,9,15,15,12,3,—,BYE,8,6,8,11,9,11,11,16,10,155,10.3
Wan'Dale Robinson,WR,NYG,8,10,4,5,7,7,12,4,11,11,9,14,8,BYE,10,6,14,140,8.8
George Pickens,WR,DAL,4,9,9,11,4,11,6,9,9,BYE,11,9,13,9,6,9,5,134,8.4
Justin Jefferson,WR,MIN,7,6,7,11,11,BYE,10,11,9,12,9,6,6,4,8,8,5,130,8.1
Emeka Egbuka,WR,TB,6,7,8,10,7,4,12,9,BYE,13,9,8,8,9,7,2,5,124,7.8
Christian McCaffrey,RB,SF,10,7,15,11,9,8,8,6,6,10,6,7,4,BYE,1,8,6,122,7.6
Courtland Sutton,WR,DEN,9,4,8,6,10,3,10,6,6,4,8,BYE,6,10,10,12,10,122,7.6
A.J. Brown,WR,PHI,1,8,10,9,8,9,6,—,BYE,3,11,10,12,13,2,12,7,121,8.1
Nico Collins,WR,HOU,5,9,11,6,5,BYE,10,—,11,15,10,3,10,8,4,9,4,120,8.0
Michael Wilson,WR,ARI,4,2,2,6,4,5,4,BYE,4,7,18,15,7,16,11,3,10,118,7.4
CeeDee Lamb,WR,DAL,13,11,0,—,—,—,8,10,12,BYE,7,11,9,8,10,7,10,116,8.9
Tetairoa McMillan,WR,CAR,9,10,8,8,8,5,5,10,6,8,12,7,2,BYE,4,10,4,116,7.3
Davante Adams,WR,LAR,8,13,8,6,11,9,8,BYE,7,8,8,8,5,6,9,—,—,114,8.1
Zay Flowers,WR,BAL,9,11,3,8,5,10,BYE,9,5,6,5,6,7,11,5,7,5,112,7.0
DeVonta Smith,WR,PHI,3,6,9,2,10,5,11,9,BYE,7,5,11,8,8,2,8,5,109,6.8
Keenan Allen,WR,LAC,10,7,11,7,9,7,14,5,5,5,6,BYE,5,3,7,5,3,109,6.8
Kyle Pitts Sr.,TE,ATL,8,5,6,5,BYE,4,10,9,7,5,3,5,8,10,12,9,3,109,6.8
Michael Pittman Jr.,WR,IND,8,5,6,10,6,3,9,9,12,2,BYE,8,4,12,5,5,3,107,6.7
Harold Fannin Jr.,TE,CLE,9,5,4,6,4,10,5,8,BYE,7,5,6,5,11,14,6,2,107,6.7
Ladd McConkey,WR,LAC,9,5,7,6,7,9,15,10,6,6,4,BYE,6,5,3,6,2,106,6.6
Tyler Warren,TE,IND,9,7,5,6,4,9,5,5,7,10,BYE,7,4,6,6,9,5,104,6.5
Jakobi Meyers,WR,JAC,10,12,4,7,6,4,—,BYE,6,3,6,6,6,10,7,8,9,104,6.9
Drake London,WR,ATL,15,4,8,10,BYE,16,10,—,14,8,9,—,—,—,—,8,2,104,9.5
Troy Franklin,WR,DEN,6,9,4,8,5,4,10,8,10,9,8,BYE,3,4,6,5,4,103,6.4
Travis Kelce,TE,KC,4,6,7,5,8,7,3,8,5,BYE,13,6,6,5,9,4,6,102,6.4
Dalton Schultz,TE,HOU,5,4,6,6,6,BYE,10,3,8,11,9,4,8,4,9,5,4,102,6.4
Jake Ferguson,TE,DAL,6,12,14,7,9,3,7,1,7,BYE,5,6,6,7,4,4,2,100,6.3
Jaylen Waddle,WR,MIA,5,6,6,6,9,8,4,6,9,7,7,BYE,6,7,4,9,1,100,6.3
Jerry Jeudy,WR,CLE,8,8,5,9,5,13,4,2,BYE,12,7,3,4,5,4,4,7,100,6.3
Bijan Robinson,RB,ATL,7,5,6,5,BYE,8,8,3,10,2,5,2,7,2,11,11,8,100,6.3
Stefon Diggs,WR,NE,7,5,3,7,12,3,7,5,4,8,11,3,4,BYE,4,10,6,99,6.2
DK Metcalf,WR,PIT,7,6,4,5,BYE,9,5,7,4,7,8,8,5,12,3,9,—,99,6.6
Juwan Johnson,TE,NO,11,9,8,3,4,2,7,8,4,4,BYE,7,9,4,4,9,4,97,6.1
Khalil Shakir,WR,BUF,9,2,4,5,9,5,BYE,7,8,9,3,10,4,3,5,5,7,95,5.9
Deebo Samuel Sr.,WR,WAS,10,8,3,6,11,5,—,6,6,5,8,BYE,7,6,5,4,4,94,6.3
Jameson Williams,WR,DET,5,4,3,8,1,7,2,BYE,6,7,7,3,10,9,10,9,3,94,5.9
Rashid Shaheed,WR,SEA,9,5,6,5,5,6,9,12,9,1,5,2,3,5,7,1,1,91,5.4
Rome Odunze,WR,CHI,9,11,7,8,BYE,5,6,10,3,10,6,9,6,—,—,—,—,90,7.5
Tee Higgins,WR,CIN,4,8,2,6,7,8,10,2,9,BYE,8,6,—,11,—,3,5,89,6.4
Jahmyr Gibbs,RB,DET,10,3,6,2,2,2,3,BYE,3,4,8,12,4,7,7,13,3,89,5.6
Brock Bowers,TE,LV,8,8,5,6,—,—,—,BYE,13,3,12,9,4,5,8,5,—,86,7.2
Tre Tucker,WR,LV,3,8,9,2,6,5,6,BYE,4,3,8,10,3,5,3,5,6,86,5.4
Brian Thomas Jr.,WR,JAC,7,12,6,7,6,10,7,BYE,5,—,—,—,3,6,7,3,7,86,6.6
Parker Washington,WR,JAC,0,5,11,2,3,4,10,BYE,9,7,2,7,3,—,3,10,10,86,5.7
Quentin Johnston,WR,LAC,7,7,10,13,4,—,6,0,6,10,3,BYE,3,3,—,5,8,85,6.1
De'Von Achane,RB,MIA,4,10,9,2,7,6,5,7,10,6,5,BYE,1,1,6,3,3,85,5.3
Romeo Doubs,WR,GB,4,5,2,8,BYE,9,8,6,10,4,8,3,4,2,3,6,3,85,5.3
Josh Downs,WR,IND,3,8,3,5,8,7,—,3,9,2,BYE,6,6,5,5,9,5,84,5.6
Jauan Jennings,WR,SF,5,10,—,4,—,3,7,7,5,9,6,7,6,BYE,5,6,4,84,6.0
Dallas Goedert,TE,PHI,7,—,2,4,9,11,3,3,BYE,6,5,2,4,10,7,3,6,82,5.5
Chase Brown,RB,CIN,3,3,5,3,8,2,4,3,14,BYE,8,4,7,4,7,4,3,82,5.1
Hunter Henry,TE,NE,8,3,11,2,4,3,5,1,6,4,6,10,6,BYE,3,7,3,82,5.1
DJ Moore,WR,CHI,5,6,5,5,BYE,5,5,7,6,4,3,7,5,3,5,7,4,82,5.1
Elic Ayomanor,WR,TEN,7,6,5,7,4,5,5,8,6,BYE,6,—,5,3,1,4,7,79,5.3
Rashee Rice,WR,KC,—,—,—,—,—,—,10,9,7,BYE,9,12,12,8,11,—,—,78,9.8
Alec Pierce,WR,IND,3,5,5,—,—,4,10,5,13,7,BYE,2,5,8,1,4,5,77,5.5
Kenny Gainwell,RB,PIT,4,5,1,6,BYE,6,2,2,5,3,8,6,3,7,7,7,4,76,4.8
Jordan Addison,WR,MIN,—,—,—,8,6,BYE,12,4,4,11,7,1,10,7,2,3,1,76,5.8
Theo Johnson,TE,NYG,3,5,2,5,7,4,7,4,6,8,4,5,8,BYE,4,2,—,74,4.9
Chig Okonkwo,TE,TEN,4,6,6,3,5,6,2,5,2,BYE,3,4,5,2,6,8,7,74,4.6
Xavier Worthy,WR,KC,1,—,—,8,9,4,4,7,7,BYE,5,8,6,4,4,3,3,73,5.2
Marvin Harrison Jr.,WR,ARI,6,5,6,10,5,2,6,BYE,10,12,—,—,7,—,—,3,1,73,6.1
Zach Ertz,TE,WAS,5,8,3,4,1,6,7,6,4,5,8,BYE,13,2,—,—,—,72,5.5
Cade Otton,TE,TB,3,4,0,4,5,6,9,5,BYE,12,5,7,2,4,—,2,4,72,4.8
Evan Engram,TE,DEN,4,2,—,7,6,6,8,4,3,5,5,BYE,9,2,3,4,4,72,4.8
Adonai Mitchell,WR,NYJ,2,4,2,4,1,—,1,1,1,—,6,7,12,6,9,6,9,71,4.7
Chimere Dike,WR,TEN,1,5,4,0,5,3,4,8,3,BYE,3,7,4,8,5,5,5,70,4.4
Colston Loveland,TE,CHI,2,1,3,—,BYE,3,4,5,7,4,4,5,6,5,5,5,10,69,4.6
Hollywood Brown,WR,KC,16,5,6,5,8,4,4,1,4,BYE,4,1,2,2,—,3,3,68,4.5
Ashton Jeanty,RB,LV,2,4,0,2,7,4,1,BYE,5,5,8,8,8,4,6,2,2,68,4.3
Cooper Kupp,WR,SEA,3,9,3,5,9,3,1,BYE,—,2,7,4,4,3,7,4,3,67,4.5
Mark Andrews,TE,BAL,1,3,6,8,3,6,BYE,3,3,5,5,3,6,5,3,3,4,67,4.2
Oronde Gadsden II,TE,LAC,—,—,7,3,1,8,9,5,5,6,5,BYE,2,4,5,1,6,67,4.8
T.J. Hockenson,TE,MIN,4,3,6,5,6,BYE,9,3,3,2,6,4,6,3,5,1,—,66,4.4
Mack Hollins,WR,NE,2,2,4,1,0,3,2,7,2,10,5,6,4,BYE,8,9,—,65,4.3
Mason Taylor,TE,NYJ,1,2,6,7,12,1,5,8,BYE,2,4,5,4,8,—,—,—,65,5.0
AJ Barner,TE,SEA,2,3,1,3,7,3,3,BYE,4,0,11,4,5,4,6,6,3,65,4.1
Olamide Zaccheaus,WR,CHI,7,5,4,6,BYE,6,3,7,8,4,0,1,3,3,3,5,—,65,4.3
Darnell Mooney,WR,ATL,—,4,11,1,BYE,—,5,4,2,8,7,3,5,4,6,2,3,65,4.6
Jayden Higgins,WR,HOU,3,1,1,1,4,BYE,3,8,1,7,7,9,5,5,1,3,4,63,3.9
George Kittle,TE,SF,4,—,—,—,—,—,2,5,4,9,6,10,5,BYE,9,8,—,62,6.2
Malik Washington,WR,MIA,5,2,5,3,5,5,8,5,3,3,3,BYE,5,4,1,1,3,61,3.8
Xavier Legette,WR,CAR,7,8,—,—,3,2,11,3,3,1,8,5,2,BYE,3,3,1,60,4.3
Garrett Wilson,WR,NYJ,9,8,13,8,10,8,—,—,BYE,3,—,—,—,—,—,—,—,59,8.4
Mike Evans,WR,TB,8,11,8,—,—,—,4,—,BYE,—,—,—,—,—,12,9,7,59,8.4
Terry McLaurin,WR,WAS,4,9,4,—,—,—,—,4,—,—,—,BYE,14,6,4,4,7,56,6.2
Luther Burden III,WR,CHI,1,2,3,2,BYE,4,2,1,—,3,5,5,6,6,7,—,9,56,4.0
Gunnar Helm,TE,TEN,2,2,3,1,5,3,5,3,1,BYE,5,7,7,2,4,3,2,55,3.4
Keon Coleman,WR,BUF,11,3,4,4,7,6,BYE,4,2,8,—,—,3,3,0,—,—,55,4.6
Andrei Iosivas,WR,CIN,0,5,0,1,7,4,4,3,7,BYE,4,7,2,3,1,1,6,55,3.4
Christian Watson,WR,GB,—,—,—,—,BYE,—,—,4,4,4,5,7,10,4,5,6,6,55,5.5
Darius Slayton,WR,NYG,1,3,4,4,6,—,—,5,7,4,—,2,3,BYE,10,2,3,54,4.2
Brenton Strange,TE,JAC,4,5,7,7,1,—,—,BYE,—,—,—,5,4,6,3,7,5,54,4.9
RJ Harvey,RB,DEN,1,2,3,5,3,4,2,1,5,3,3,BYE,4,6,1,5,6,54,3.4
Jonathan Taylor,RB,IND,3,2,4,5,4,4,3,2,2,3,BYE,3,5,0,4,3,6,53,3.3
Sterling Shepard,WR,TB,6,4,5,4,5,3,7,2,BYE,4,5,5,2,1,—,—,—,53,4.1
Ricky Pearsall,WR,SF,7,6,11,5,—,—,—,—,0,—,2,4,3,BYE,7,—,8,53,5.3
Jonnu Smith,TE,PIT,6,4,3,3,BYE,4,6,3,5,2,2,3,2,1,2,1,5,52,3.3
Van Jefferson,WR,TEN,0,2,1,1,0,6,4,8,4,BYE,7,1,4,4,5,2,3,52,3.3
Kendrick Bourne,WR,SF,—,3,6,4,11,9,2,4,2,1,0,0,1,BYE,3,5,1,52,3.5
Javonte Williams,RB,DAL,3,7,5,3,2,8,4,2,1,BYE,1,3,3,4,0,3,2,51,3.2
Travis Etienne Jr.,RB,JAC,3,3,2,2,4,5,3,BYE,5,4,2,4,1,1,4,5,3,51,3.2
Saquon Barkley,RB,PHI,5,2,5,4,3,3,1,5,BYE,3,2,8,2,2,3,2,0,50,3.1
Tyler Lockett,WR,LV,1,3,4,4,4,3,2,BYE,1,6,3,5,1,4,4,2,3,50,3.1
Jalen Nailor,WR,MIN,3,5,5,4,4,BYE,4,1,4,6,1,1,1,3,5,2,1,50,3.1
Christian Kirk,WR,HOU,—,—,8,4,4,BYE,—,—,8,3,4,6,0,3,0,5,5,50,4.2
Chris Godwin Jr.,WR,TB,—,—,—,10,4,—,—,—,BYE,—,—,4,5,8,5,6,8,50,6.3
Pat Freiermuth,TE,PIT,3,4,3,0,BYE,1,6,4,4,3,1,3,0,3,5,4,5,49,3.1
Sam LaPorta,TE,DET,9,4,4,4,6,6,3,BYE,8,5,—,—,—,—,—,—,—,49,5.4
Colby Parkinson,TE,LAR,2,—,0,2,1,—,3,BYE,2,5,2,4,5,5,7,4,7,49,3.5
Ryan Flournoy,WR,DAL,—,0,3,2,9,6,0,2,2,BYE,1,1,3,13,5,2,—,49,3.5
David Njoku,TE,CLE,6,5,7,3,9,6,—,5,BYE,2,2,0,2,1,—,—,—,48,4.0
Breece Hall,RB,NYJ,4,3,6,6,5,0,3,3,BYE,1,2,4,2,1,2,3,3,48,3.0
Calvin Austin III,WR,PIT,6,4,5,2,BYE,—,—,6,6,7,1,5,2,2,1,1,—,48,3.7
Rico Dowdle,RB,CAR,3,1,1,1,4,5,2,0,3,3,7,4,2,BYE,1,6,5,48,3.0
Xavier Hutchinson,WR,HOU,2,3,3,3,3,BYE,4,6,5,0,5,0,5,2,2,2,3,48,3.0
Marvin Mims Jr.,WR,DEN,4,2,4,6,5,3,7,1,0,—,0,BYE,2,1,6,3,4,48,3.2
Dawson Knox,TE,BUF,2,5,0,1,2,2,BYE,1,1,4,3,4,4,7,4,2,5,47,2.9
Jake Tonges,TE,SF,3,5,3,5,11,7,0,1,0,0,0,0,0,BYE,0,2,9,46,2.9
Dontayvion Wicks,WR,GB,2,6,4,4,BYE,2,2,—,—,8,2,4,7,0,2,2,1,46,3.3
Dalton Kincaid,TE,BUF,4,6,6,2,6,—,BYE,3,6,3,—,—,—,5,4,1,—,46,4.2
D'Andre Swift,RB,CHI,5,3,4,6,BYE,3,1,2,—,8,1,1,2,4,1,2,3,46,3.1
Michael Mayer,TE,LV,4,2,1,—,—,7,2,BYE,7,4,4,1,—,—,0,3,10,45,3.8
Travis Hunter,WR,JAC,8,6,2,5,3,7,14,BYE,—,—,—,—,—,—,—,—,—,45,6.4
Kyren Williams,RB,LAR,2,2,3,4,10,2,3,BYE,0,3,2,1,1,2,1,6,3,45,2.8
Cole Kmet,TE,CHI,4,2,1,9,BYE,2,1,—,2,2,5,1,3,3,4,3,3,45,3.0
John Metchie III,WR,NYJ,0,1,1,2,0,0,—,0,BYE,1,3,7,8,8,5,5,3,44,2.9
Tucker Kraft,TE,GB,4,7,4,5,BYE,2,10,9,3,—,—,—,—,—,—,—,—,44,5.5
Josh Jacobs,RB,GB,1,0,9,4,BYE,5,1,3,5,6,1,—,1,2,3,2,1,44,2.9
Pat Bryant,WR,DEN,0,3,0,1,0,2,4,4,3,2,6,BYE,7,4,—,8,—,44,3.1
JuJu Smith-Schuster,WR,KC,5,3,4,6,3,3,3,2,1,BYE,0,2,1,2,1,4,3,43,2.7
DeMario Douglas,WR,NE,7,1,5,0,3,4,3,1,6,2,3,1,3,BYE,0,2,2,43,2.7
Rachaad White,RB,TB,1,2,1,5,4,3,6,2,BYE,5,3,1,3,2,1,2,2,43,2.7
Tez Johnson,WR,TB,1,—,1,1,4,3,9,6,BYE,5,3,4,2,0,1,1,2,43,2.9
Darnell Washington,TE,PIT,0,1,0,3,BYE,5,5,0,6,1,5,2,4,1,4,4,2,43,2.7
Tyjae Spears,RB,TEN,—,—,—,—,0,4,4,3,3,BYE,5,5,6,4,2,5,2,43,3.6
Isaiah Bond,WR,CLE,1,3,4,6,7,5,0,4,BYE,—,1,2,2,2,4,0,1,42,2.8
TreVeyon Henderson,RB,NE,6,2,3,2,3,2,0,0,6,1,5,4,4,BYE,3,1,0,42,2.6
Kayshon Boutte,WR,NE,8,1,3,3,3,5,2,5,1,—,—,2,5,BYE,1,3,—,42,3.2
Michael Carter,RB,ARI,—,—,—,0,5,5,2,BYE,—,0,7,3,6,4,4,2,4,42,3.5
Matthew Golden,WR,GB,2,2,4,6,BYE,5,4,3,3,—,3,—,—,1,4,1,3,41,3.2
Aaron Jones Sr.,RB,MIN,3,1,—,—,—,BYE,—,4,2,6,6,4,4,1,3,3,4,41,3.4
Noah Fant,TE,CIN,5,4,5,—,0,4,4,3,3,BYE,6,1,2,2,0,—,1,40,2.9
Mike Gesicki,TE,CIN,3,4,3,1,5,0,—,—,—,BYE,—,6,4,6,2,4,2,40,3.3
Jaylen Warren,RB,PIT,2,4,6,—,BYE,2,5,3,2,2,2,0,4,3,3,2,0,40,2.7
James Cook III,RB,BUF,5,1,3,4,1,0,BYE,0,1,5,3,3,3,2,3,2,4,40,2.5
Alvin Kamara,RB,NO,2,6,2,5,6,5,3,2,3,3,BYE,2,—,—,—,—,—,39,3.5
Devaughn Vele,WR,NO,2,1,—,0,2,0,0,5,0,3,BYE,7,8,5,6,—,—,39,3.0
Tyrone Tracy Jr.,RB,NYG,5,5,3,—,—,0,0,3,4,2,4,4,1,BYE,4,2,2,39,2.8
Tony Pollard,RB,TEN,1,1,4,3,3,2,6,2,2,BYE,3,5,2,0,2,0,2,38,2.4
Rashod Bateman,WR,BAL,4,4,7,2,3,1,BYE,4,4,2,—,—,1,3,—,2,1,38,2.9
KaVontae Turpin,WR,DAL,2,4,3,4,—,—,1,5,3,BYE,2,2,2,2,2,4,1,37,2.6
Tre' Harris,WR,LAC,1,3,1,1,0,5,2,2,2,2,1,BYE,4,2,5,5,1,37,2.3
Tyquan Thornton,WR,KC,4,5,9,2,5,0,2,0,1,BYE,2,1,0,3,3,—,—,37,2.6
Dylan Sampson,RB,CLE,8,3,0,1,2,2,1,6,BYE,1,1,3,0,6,—,—,3,37,2.6
Cedric Tillman,WR,CLE,8,7,3,2,—,—,—,—,BYE,4,4,3,1,3,0,1,1,37,3.1
Chuba Hubbard,RB,CAR,5,6,3,3,—,—,3,1,1,1,3,4,2,BYE,1,1,3,37,2.6
DeAndre Hopkins,WR,BAL,2,2,2,1,2,4,BYE,1,1,4,4,3,3,1,1,5,1,37,2.3
Brandin Cooks,WR,BUF,4,2,5,4,1,1,1,4,3,0,—,—,1,0,3,1,6,36,2.4
Dyami Brown,WR,JAC,4,7,3,—,4,5,4,BYE,7,1,1,0,—,0,0,0,0,36,2.6
Calvin Ridley,WR,TEN,8,6,7,3,10,1,—,—,—,BYE,1,—,—,—,—,—,—,36,5.1
Quinshon Judkins,RB,CLE,—,3,2,4,2,1,0,3,BYE,3,2,0,3,3,4,6,—,36,2.6
Jalen Coker,WR,CAR,—,—,—,—,—,—,2,4,1,4,4,4,6,BYE,4,5,2,36,3.6
Omarion Hampton,RB,LAC,2,2,7,5,6,—,—,—,—,—,—,BYE,—,2,1,2,8,35,3.9
Rhamondre Stevenson,RB,NE,3,5,3,1,2,1,2,2,—,—,—,2,3,BYE,3,3,5,35,2.7
Malik Nabers,WR,NYG,12,13,7,3,—,—,—,—,—,—,—,—,—,BYE,—,—,—,35,8.8
David Sills V,WR,ATL,0,0,2,0,BYE,0,0,3,1,1,2,3,4,4,10,1,4,35,2.2
Elijah Higgins,TE,ARI,2,3,1,0,2,2,1,BYE,3,3,3,0,2,1,2,8,1,34,2.1
Ja'Tavion Sanders,TE,CAR,3,9,2,—,—,—,2,3,1,5,4,1,0,BYE,2,2,0,34,2.6
Jaylin Noel,WR,HOU,2,0,1,1,3,BYE,7,6,0,4,1,2,1,2,0,0,4,34,2.1
Joshua Palmer,WR,BUF,9,3,1,3,2,2,BYE,—,—,—,5,4,—,—,2,1,2,34,3.1
Darren Waller,TE,MIA,—,—,—,4,5,3,0,—,—,—,—,BYE,3,3,8,5,3,34,3.8
Isaiah Likely,TE,BAL,—,—,—,0,1,2,BYE,2,4,4,3,3,6,6,0,0,3,34,2.6
Jalen Tolbert,WR,DAL,2,4,6,6,1,1,2,2,0,BYE,1,—,0,—,—,—,8,33,2.8
Greg Dortch,WR,ARI,1,1,2,5,2,3,2,BYE,0,0,6,9,2,—,—,—,—,33,2.8
Bucky Irving,RB,TB,4,6,4,5,—,—,—,—,BYE,—,—,—,2,3,3,0,6,33,3.7
Tommy Tremble,TE,CAR,1,3,2,8,2,4,1,1,1,0,2,0,2,BYE,4,1,1,33,2.1
Woody Marks,RB,HOU,0,1,2,5,1,BYE,5,4,3,3,1,1,1,3,1,—,2,33,2.2
Noah Gray,TE,KC,1,5,6,1,0,2,1,4,1,BYE,3,4,—,3,0,0,1,32,2.1
Jerome Ford,RB,CLE,1,6,4,2,2,6,2,2,BYE,1,0,0,3,3,—,—,—,32,2.5
Jaylin Lane,WR,WAS,2,4,2,3,2,2,6,2,5,1,1,BYE,1,0,1,0,—,32,2.1
Cam Skattebo,RB,NYG,2,3,8,2,7,2,6,2,—,—,—,—,—,BYE,—,—,—,32,4.0
Kenneth Walker III,RB,SEA,3,1,1,2,1,1,0,BYE,2,1,3,4,4,3,1,3,2,32,2.0
Davis Allen,TE,LAR,2,1,1,1,2,2,1,BYE,4,2,0,4,1,2,4,5,0,32,2.0
Brashard Smith,RB,KC,0,1,1,4,3,4,5,0,1,BYE,3,4,0,0,0,1,4,31,1.9
Luke Musgrave,TE,GB,1,2,0,1,BYE,2,0,1,3,3,2,2,1,4,6,3,0,31,1.9
Ty Johnson,RB,BUF,2,1,2,0,0,2,BYE,0,2,2,2,3,5,3,3,0,4,31,1.9
Bam Knight,RB,ARI,—,0,—,0,1,2,4,BYE,2,4,4,5,3,6,0,—,—,31,2.6
Demarcus Robinson,WR,SF,—,—,—,2,7,3,1,3,1,4,2,1,1,BYE,2,2,2,31,2.4
Jeremy McNichols,RB,WAS,0,0,0,2,2,4,3,6,0,1,2,BYE,2,1,1,3,3,30,1.9
Tyler Higbee,TE,LAR,0,4,2,5,—,4,6,BYE,4,3,2,—,—,—,—,—,—,30,3.3
Tyreek Hill,WR,MIA,6,7,10,6,—,—,—,—,—,—,—,BYE,—,—,—,—,—,29,7.3
Dont'e Thornton Jr.,WR,LV,4,4,4,2,2,0,3,BYE,—,2,0,2,2,—,0,0,4,29,2.1
Jeremy Ruckert,TE,NYJ,2,1,0,1,4,0,1,1,BYE,1,5,0,2,3,2,3,3,29,1.8
Tyler Badie,RB,DEN,6,2,0,2,2,—,2,0,3,1,1,BYE,5,1,1,3,0,29,1.9
Kyle Monangai,RB,CHI,1,3,1,0,BYE,1,3,0,5,1,1,0,1,2,2,4,4,29,1.8
Adam Thielen,WR,PIT,1,3,2,2,0,—,2,2,0,3,2,1,—,1,1,4,5,29,1.9
Isaiah Williams,WR,NYJ,—,0,0,0,—,0,0,4,BYE,1,4,0,1,3,7,4,5,29,2.1
Greg Dulcich,TE,MIA,—,—,—,—,—,—,—,0,5,4,4,BYE,2,3,2,3,6,29,3.2
Jahan Dotson,WR,PHI,3,1,3,0,3,2,0,2,BYE,1,2,1,3,3,0,3,1,28,1.8
Isaiah Davis,RB,NYJ,0,3,0,2,4,1,4,5,BYE,1,1,0,1,0,1,4,1,28,1.8
David Montgomery,RB,DET,4,1,1,1,1,2,3,BYE,4,1,1,3,2,1,1,0,2,28,1.8
Jack Bech,WR,LV,1,0,1,0,5,1,2,BYE,0,1,1,0,3,6,3,3,—,27,1.8
Kalif Raymond,WR,DET,3,1,2,3,0,0,3,BYE,1,4,0,2,—,—,1,5,2,27,1.9
Justice Hill,RB,BAL,2,3,4,6,2,6,BYE,0,2,2,—,0,—,—,—,—,—,27,2.7
Isiah Pacheco,RB,KC,3,2,1,3,3,3,2,0,—,BYE,—,—,2,0,0,7,0,26,2.0
Hunter Renfrow,WR,CAR,6,9,4,2,3,2,—,—,—,—,—,—,—,BYE,—,—,—,26,4.3
Elijah Arroyo,TE,SEA,1,3,1,4,1,2,5,BYE,2,1,2,1,2,1,—,—,—,26,2.0
Kyle Juszczyk,RB,SF,2,1,1,3,4,1,1,2,2,2,2,0,2,BYE,1,0,2,26,1.6
Isaac TeSlaa,WR,DET,1,1,2,0,1,0,1,BYE,0,1,1,1,2,3,1,7,4,26,1.6
Austin Hooper,TE,NE,1,3,3,1,0,1,2,2,1,1,—,4,0,BYE,0,4,2,25,1.7
Jordan Whittington,WR,LAR,0,2,3,1,3,4,4,BYE,0,0,1,3,1,1,1,1,0,25,1.6
Terrance Ferguson,TE,LAR,—,0,—,—,1,0,3,BYE,3,4,0,1,2,1,2,4,4,25,1.9
Lil'Jordan Humphrey,WR,DEN,—,—,—,—,—,8,2,0,—,—,0,BYE,1,3,4,2,5,25,2.8
Daniel Bellinger,TE,NYG,1,0,1,1,4,0,4,1,—,2,1,2,0,BYE,4,0,3,24,1.6
Mitch Tinsley,WR,CIN,0,1,1,2,0,0,0,0,2,BYE,0,6,9,0,2,1,0,24,1.5
Tanner Hudson,TE,CIN,—,—,—,0,0,5,—,2,2,BYE,3,1,2,1,5,1,2,24,2.0
Chris Moore,WR,WAS,1,—,2,3,1,5,5,0,0,0,5,BYE,0,—,—,0,1,23,1.8
Adam Trautman,TE,DEN,1,3,0,3,1,0,0,0,2,1,1,BYE,4,2,0,3,2,23,1.4
Tim Patrick,WR,JAC,0,1,1,1,1,1,1,BYE,—,0,4,4,1,6,0,1,1,23,1.5
Mitchell Evans,TE,CAR,0,1,1,4,1,1,3,0,0,1,2,1,3,BYE,0,3,2,23,1.4
Tyrell Shavers,WR,BUF,0,2,2,0,1,5,BYE,0,1,1,5,0,0,1,0,2,3,23,1.4
Luke Schoonmaker,TE,DAL,1,2,1,2,2,2,0,3,2,BYE,0,1,1,2,1,0,2,22,1.4
Tory Horton,WR,SEA,0,4,4,2,4,1,3,BYE,4,—,—,—,—,—,—,—,—,22,2.8
Jayden Reed,WR,GB,5,0,—,—,BYE,—,—,—,—,—,—,—,—,4,6,3,4,22,3.7
Xavier Smith,WR,LAR,1,0,0,0,0,0,3,BYE,3,1,2,—,3,1,0,2,6,22,1.5
Marquez Valdes-Scantling,WR,PIT,0,1,1,—,3,3,—,—,—,—,—,—,—,1,1,3,9,22,2.4
Brock Wright,TE,DET,0,3,0,0,3,0,3,BYE,1,1,7,4,—,—,—,—,—,22,2.0
Konata Mumpfield,WR,LAR,0,0,0,0,0,2,1,BYE,0,2,0,2,0,1,1,8,5,22,1.4
Kareem Hunt,RB,KC,3,1,1,1,1,1,0,1,2,BYE,2,3,2,1,2,0,0,21,1.3
Kyle Williams,WR,NE,1,0,1,0,0,2,1,0,1,2,3,1,1,BYE,0,3,5,21,1.3
Josh Reynolds,WR,NYJ,3,—,—,2,4,3,9,—,BYE,—,—,—,—,—,—,—,—,21,4.2
Roman Wilson,WR,PIT,0,2,0,0,BYE,1,2,5,2,3,2,3,1,0,—,—,0,21,1.5
Kimani Vidal,RB,LAC,—,—,—,0,1,4,5,2,1,1,2,BYE,1,3,1,0,—,21,1.8
Nick Westbrook-Ikhine,WR,MIA,2,3,0,1,0,1,4,3,4,1,0,BYE,0,0,1,—,—,20,1.4
Zach Charbonnet,RB,SEA,0,0,—,2,2,1,2,BYE,1,0,2,0,0,3,1,4,2,20,1.3
Nick Chubb,RB,HOU,1,2,4,2,1,BYE,3,2,0,1,2,1,0,0,—,1,0,20,1.3
Derrick Henry,RB,BAL,1,0,1,3,1,2,BYE,1,1,3,2,2,1,2,0,0,0,20,1.3
Julian Hill,TE,MIA,0,0,1,2,5,3,2,—,—,—,1,BYE,1,0,2,0,2,19,1.5
Devin Neal,RB,NO,0,—,—,—,—,—,0,3,1,3,BYE,7,3,1,1,—,—,19,2.1
Emari Demercado,RB,ARI,0,0,1,2,0,1,—,BYE,1,4,3,—,—,—,3,1,3,19,1.6
Devin Singletary,RB,NYG,0,1,0,0,2,0,0,1,2,3,1,0,3,BYE,1,1,4,19,1.2
Zay Jones,WR,ARI,1,0,3,—,3,8,2,BYE,0,1,—,—,—,—,—,—,—,18,2.3
Tyler Johnson,WR,NYJ,2,1,3,—,0,1,3,5,BYE,1,0,—,0,—,—,1,1,18,1.5
Johnny Mundt,TE,JAC,1,0,1,1,1,2,4,BYE,0,2,3,2,0,—,0,0,1,18,1.2
Jackson Hawes,TE,BUF,1,1,1,1,0,0,BYE,3,2,2,0,2,1,1,1,2,0,18,1.1
Allen Lazard,WR,NYJ,—,0,3,1,2,—,3,2,BYE,—,—,3,1,1,2,—,—,18,1.8
Treylon Burks,WR,WAS,—,—,—,—,—,—,—,—,1,3,—,BYE,4,1,2,5,2,18,2.6
Samaje Perine,RB,CIN,2,0,0,1,2,3,0,1,0,BYE,—,—,2,1,1,3,1,17,1.2
Drew Sample,TE,CIN,1,2,3,0,1,2,0,0,0,BYE,0,1,2,0,2,2,1,17,1.1
Hunter Long,TE,JAC,1,0,3,3,1,3,3,BYE,3,—,—,—,—,0,—,—,—,17,1.9
Chris Brooks,RB,GB,1,4,0,1,BYE,0,1,0,2,0,0,1,2,1,2,0,2,17,1.1
Elijah Moore,WR,BUF,1,1,3,0,—,2,BYE,4,1,2,—,3,—,—,—,—,—,17,1.9
Josh Oliver,TE,MIN,1,0,1,1,3,BYE,1,0,—,—,1,1,0,2,1,3,2,17,1.2
Mason Tipton,WR,NO,—,—,0,0,0,0,1,1,0,0,BYE,4,4,0,2,5,—,17,1.3
Isaiah Hodgins,WR,NYG,—,—,—,—,—,—,—,—,—,—,6,6,1,BYE,2,0,2,17,2.8
Mo Alie-Cox,TE,IND,1,1,0,0,0,2,2,0,1,1,BYE,1,0,2,0,2,3,16,1.0
Trey Benson,RB,ARI,1,6,4,5,—,—,—,BYE,—,—,0,—,—,—,—,—,—,16,3.2
Brycen Tremayne,WR,CAR,0,5,2,4,1,0,0,0,1,—,2,0,0,BYE,0,0,1,16,1.1
Emanuel Wilson,RB,GB,0,0,0,3,BYE,1,1,4,2,1,1,2,0,0,0,0,1,16,1.0
Jordan Mason,RB,MIN,1,3,0,3,4,BYE,0,1,1,1,0,0,1,0,0,1,—,16,1.1
Tanner Conner,TE,MIA,4,0,2,0,2,1,3,2,1,—,—,BYE,—,—,—,—,—,15,1.7
Jamari Thrash,WR,CLE,1,1,3,0,1,3,2,3,BYE,1,—,—,—,—,—,—,—,15,1.7
Luke McCaffrey,WR,WAS,0,1,3,3,2,1,2,3,0,—,—,BYE,—,—,—,—,—,15,1.7
Ray-Ray McCloud III,WR,NYG,5,2,5,2,—,—,—,—,1,0,—,—,—,BYE,—,—,—,15,2.5
John FitzPatrick,TE,GB,1,0,2,0,BYE,0,1,1,0,0,1,1,1,2,4,1,—,15,1.0
Charlie Kolar,TE,BAL,0,0,3,0,1,1,BYE,1,2,2,1,0,1,1,0,1,1,15,0.9
Zavier Scott,RB,MIN,—,—,1,8,0,BYE,1,2,0,—,—,—,1,1,—,1,0,15,1.5
Ameer Abdullah,RB,IND,—,—,—,—,0,1,1,1,1,1,BYE,1,0,2,5,1,1,15,1.3
Arian Smith,WR,NYJ,0,2,2,0,1,1,3,1,BYE,0,0,0,—,0,2,1,1,14,0.9
Tyler Allgeier,RB,ATL,0,1,2,0,BYE,1,0,2,0,0,2,1,2,2,0,1,0,14,0.9
Casey Washington,WR,ATL,6,—,—,3,BYE,2,2,1,—,0,0,—,—,—,—,—,—,14,2.0
Bhayshul Tuten,RB,JAC,0,2,1,1,1,3,0,BYE,1,2,0,1,1,0,1,—,—,14,1.0
Luke Farrell,TE,SF,1,3,0,2,2,0,1,0,1,2,0,1,1,BYE,0,0,0,14,0.9
Cade Stover,TE,HOU,4,—,—,—,—,BYE,—,—,—,—,0,2,2,0,3,3,0,14,1.8
J.K. Dobbins,RB,DEN,2,2,2,1,1,1,1,2,1,1,—,BYE,—,—,—,—,—,14,1.4
Hunter Luepke,RB,DAL,0,0,0,1,1,2,1,0,0,BYE,3,1,0,0,2,2,1,14,0.9
John Bates,TE,WAS,0,0,—,—,1,0,2,1,4,2,0,BYE,2,0,1,1,0,14,1.0
Kevin Austin Jr.,WR,NO,—,—,1,—,—,—,—,—,—,—,BYE,0,0,0,5,3,5,14,2.0
Jalin Hyatt,WR,NYG,—,—,0,0,3,5,1,—,0,—,4,—,—,BYE,1,—,—,14,1.8
Gage Larvadain,WR,CLE,—,—,—,—,0,4,1,0,BYE,0,1,0,3,3,2,0,0,14,1.2
Jimmy Horn Jr.,WR,CAR,—,—,—,—,3,2,2,1,2,0,0,1,0,BYE,1,0,2,14,1.2
Jalen McMillan,WR,TB,—,—,—,—,—,—,—,—,BYE,—,—,—,—,—,2,3,9,14,4.7
Jacory Croskey-Merritt,RB,WAS,1,1,1,2,2,1,2,1,1,0,1,BYE,0,0,0,0,0,13,0.8
Blake Corum,RB,LAR,1,0,0,4,2,0,1,BYE,0,0,2,0,0,1,0,2,0,13,0.8
Ian Thomas,TE,LV,0,0,0,0,3,1,0,BYE,1,0,1,4,1,2,—,—,0,13,0.9
Xavier Weaver,WR,ARI,—,—,—,1,—,—,0,BYE,0,—,3,3,1,—,—,2,3,13,1.6
Taysom Hill,TE,NO,—,—,—,—,0,0,2,1,0,1,BYE,0,1,2,0,6,0,13,1.1
Brian Robinson Jr.,RB,SF,2,1,0,0,0,3,0,0,0,1,1,2,0,BYE,0,1,1,12,0.8
Bo Melton,WR,GB,0,—,0,0,BYE,0,0,0,0,5,0,0,1,2,1,0,3,12,0.8
Tutu Atwell,WR,LAR,1,1,1,2,4,—,0,BYE,—,—,—,—,—,—,2,0,1,12,1.3
Scotty Miller,WR,PIT,0,0,0,1,BYE,0,1,—,—,—,0,0,—,0,0,3,7,12,1.0
Raheem Mostert,RB,LV,—,—,—,1,0,0,1,BYE,1,1,2,3,0,1,1,1,—,12,1.0
Malachi Corley,WR,CLE,—,—,—,—,0,0,2,0,BYE,1,2,1,0,0,1,4,1,12,1.0
Keaton Mitchell,RB,BAL,—,—,—,—,1,0,BYE,0,1,0,3,1,3,0,1,0,2,12,1.0
Will Dissly,TE,LAC,1,1,—,—,—,2,1,—,—,—,—,BYE,—,1,0,3,2,11,1.4
Jack Stoll,TE,NO,0,0,3,1,0,0,1,1,0,—,BYE,1,0,1,1,2,0,11,0.7
Sean Tucker,RB,TB,0,0,0,0,3,0,1,0,BYE,2,2,2,0,0,0,0,1,11,0.7
LeQuint Allen Jr.,RB,JAC,1,0,1,1,0,2,1,BYE,1,1,0,0,0,2,1,0,0,11,0.7
Dare Ogunbowale,RB,HOU,2,0,0,0,0,BYE,1,1,1,0,1,0,0,0,4,1,0,11,0.7
Ray Davis,RB,BUF,1,0,1,0,0,2,BYE,1,0,2,0,0,0,0,1,2,1,11,0.7
Rasheen Ali,RB,BAL,0,0,0,0,0,0,BYE,0,0,—,1,—,0,3,2,2,3,11,0.8
Ben Sinnott,TE,WAS,0,1,0,0,0,0,0,1,0,1,—,BYE,0,1,1,2,4,11,0.7
Nate Adkins,TE,DEN,—,—,0,3,1,2,3,1,—,—,—,BYE,—,—,0,1,—,11,1.4
Dylan Drummond,WR,ATL,—,—,—,—,BYE,—,—,0,0,—,—,3,3,5,0,0,0,11,1.4
James Proche II,WR,TEN,—,—,—,—,—,—,—,0,0,BYE,—,3,1,1,1,0,5,11,1.4
Gabe Davis,WR,BUF,—,—,—,—,—,—,BYE,—,—,—,4,2,2,2,—,—,1,11,2.2
Brevyn Spann-Ford,TE,DAL,1,1,0,0,0,1,0,1,0,BYE,1,1,0,1,1,0,2,10,0.6
Noah Brown,WR,WAS,3,4,—,—,—,—,—,—,—,—,—,BYE,—,2,1,—,—,10,2.5
KhaDarel Hodge,WR,ATL,1,0,0,—,BYE,0,0,8,0,0,1,0,—,—,0,—,—,10,0.9
Savion Williams,WR,GB,1,0,0,3,BYE,0,0,1,2,2,1,0,—,—,—,0,—,10,0.8
Grant Calcaterra,TE,PHI,0,2,0,2,2,—,—,0,BYE,1,0,1,0,0,1,0,1,10,0.7
Foster Moreau,TE,NO,—,—,—,—,0,1,0,1,0,3,BYE,1,2,1,0,1,—,10,0.9
Austin Trammell,WR,JAC,—,—,—,—,—,—,—,BYE,1,3,1,1,4,0,—,—,—,10,1.7
Will Shipley,RB,PHI,0,—,—,1,2,0,1,0,BYE,2,0,0,1,1,0,1,0,9,0.6
Tyler Conklin,TE,LAC,2,0,2,1,3,0,—,0,—,1,—,BYE,0,—,—,—,—,9,1.0
Alec Ingold,RB,MIA,2,2,0,0,1,1,0,1,0,0,0,BYE,0,0,1,1,0,9,0.6
James Conner,RB,ARI,4,1,4,—,—,—,—,BYE,—,0,—,—,—,—,—,—,—,9,2.3
Charlie Woerner,TE,ATL,0,0,1,0,BYE,0,1,0,0,1,0,3,0,0,2,1,0,9,0.6
Curtis Samuel,WR,BUF,—,—,—,2,2,—,BYE,0,1,1,3,—,—,—,—,—,—,9,1.5
Stone Smartt,TE,NYJ,—,—,—,0,—,0,—,—,BYE,0,—,—,0,1,0,5,3,9,1.1
Robbie Chosen,WR,WAS,—,—,—,—,—,—,4,—,—,4,1,BYE,—,—,—,—,—,9,3.0
Miles Sanders,RB,DAL,1,2,3,2,—,—,—,—,—,BYE,—,—,—,—,—,—,—,8,2.0
Ashton Dulin,WR,IND,0,0,0,1,5,0,—,1,0,0,BYE,1,—,—,—,—,0,8,0.7
Ollie Gordon II,RB,MIA,1,1,0,1,0,1,2,1,1,0,0,BYE,0,0,0,0,0,8,0.5
Adam Prentice,RB,DEN,1,0,0,0,0,0,1,0,0,1,2,BYE,1,2,0,0,0,8,0.5
Tylan Wallace,WR,BAL,0,2,1,2,0,0,BYE,1,0,0,1,1,—,0,0,—,—,8,0.6
Quintin Morris,TE,JAC,—,0,—,0,0,0,—,BYE,—,0,3,0,2,0,2,1,0,8,0.7
Braxton Berrios,WR,HOU,—,—,—,—,—,BYE,3,5,0,0,—,—,—,—,—,—,—,8,2.0
Audric Estime,RB,NO,—,—,—,—,—,—,—,—,—,0,BYE,—,0,0,3,4,1,8,1.3
KeAndre Lambert-Smith,WR,LAC,1,0,—,0,0,2,—,—,1,—,—,BYE,—,—,1,1,1,7,0.8
Dee Eskridge,WR,MIA,2,1,0,0,0,1,2,0,1,—,—,BYE,0,0,0,0,—,7,0.5
Austin Ekeler,RB,WAS,3,4,—,—,—,—,—,—,0,—,—,BYE,—,—,—,—,—,7,2.3
Kameron Johnson,WR,TB,0,0,0,0,0,4,1,0,BYE,1,0,0,0,1,0,0,0,7,0.4
Skyy Moore,WR,SF,0,0,1,1,0,0,1,1,1,1,0,0,0,BYE,0,1,0,7,0.4
Andrew Beck,TE,NYJ,0,0,0,0,2,1,0,1,BYE,0,0,1,0,1,1,0,0,7,0.4
Malik Heath,WR,GB,0,1,0,1,BYE,0,0,3,1,0,—,0,1,—,—,—,—,7,0.6
Jahdae Walker,WR,CHI,—,—,—,0,BYE,—,—,0,0,—,—,—,—,0,—,3,4,7,1.2
Jaylen Wright,RB,MIA,—,—,—,—,—,—,0,1,0,0,0,BYE,0,3,1,2,0,7,0.7
Cedrick Wilson Jr.,WR,MIA,—,—,—,—,—,—,—,1,1,0,0,BYE,2,0,0,1,2,7,0.8
Trayveon Williams,RB,CLE,—,—,—,—,—,—,—,—,BYE,0,1,—,—,0,2,4,0,7,1.2
Xavier Restrepo,WR,TEN,—,—,—,—,—,—,—,—,—,BYE,—,6,1,—,—,—,—,7,3.5
Anthony Firkser,TE,DET,—,—,—,—,—,—,—,BYE,—,—,—,0,1,1,0,4,1,7,1.2
Jawhar Jordan,RB,HOU,—,—,—,—,—,BYE,—,—,—,—,—,—,—,—,2,5,0,7,2.3
Drew Ogletree,TE,IND,0,0,0,0,0,0,0,1,0,0,BYE,2,1,0,0,2,—,6,0.4
Ben Skowronek,WR,PIT,1,0,0,1,BYE,0,0,1,0,0,0,1,1,1,0,0,—,6,0.4
Darius Cooper,WR,PHI,0,0,0,—,—,—,—,0,BYE,0,0,2,0,1,2,0,1,6,0.5
Beaux Collins,WR,NYG,0,0,0,0,3,0,1,2,0,—,—,—,—,BYE,—,—,—,6,0.7
Durham Smythe,TE,CHI,0,0,0,0,BYE,0,0,0,0,0,3,1,0,1,0,0,1,6,0.4
Devontez Walker,WR,BAL,—,2,1,0,0,—,BYE,—,—,—,0,1,2,—,0,0,0,6,0.6
Harrison Bryant,TE,HOU,—,1,0,0,2,BYE,0,1,2,0,—,—,—,—,0,0,0,6,0.5
Albert Okwuegbunam Jr.,TE,LV,—,—,—,—,6,—,—,BYE,—,—,—,—,—,—,—,—,—,6,6.0
Jalen Brooks,WR,ARI,—,—,—,—,0,—,—,BYE,—,—,—,—,—,3,3,0,0,6,1.2
Dante Pettis,WR,NO,—,—,—,—,—,—,—,—,—,0,BYE,1,0,0,0,1,4,6,0.9
Kendre Miller,RB,NO,0,1,2,0,1,1,0,—,—,—,BYE,—,—,—,—,—,—,5,0.7
Tip Reiman,TE,ARI,1,0,3,0,1,—,—,BYE,—,—,—,—,—,—,—,—,—,5,1.0
Zamir White,RB,LV,0,3,2,—,—,—,—,BYE,—,—,—,—,—,—,—,—,0,5,1.3
Trent Sherfield Sr.,WR,ARI,1,1,0,0,2,0,0,0,0,0,—,—,—,1,0,—,—,5,0.4
Devin Duvernay,WR,CHI,0,0,0,0,BYE,0,0,3,0,0,0,0,0,1,0,0,1,5,0.3
Blake Whiteheart,TE,CLE,0,0,0,1,0,1,1,0,BYE,0,—,0,0,1,0,0,1,5,0.3
Shane Zylstra,TE,DET,0,—,—,—,—,—,—,BYE,—,—,—,—,—,—,0,5,0,5,1.3
Ross Dwelley,TE,DET,—,—,0,0,0,0,0,BYE,—,1,0,0,3,1,—,—,—,5,0.5
Malik Davis,RB,DAL,—,—,—,—,—,—,0,0,0,BYE,0,0,0,0,3,0,2,5,0.5
Josh Whyle,TE,GB,—,—,—,—,BYE,—,—,—,—,0,1,1,1,1,0,—,1,5,0.7
Theo Wease Jr.,WR,MIA,—,—,—,—,—,—,—,—,—,—,—,BYE,—,—,—,4,1,5,2.5
Kylen Granson,TE,PHI,1,1,0,0,0,0,0,0,BYE,0,2,0,0,0,0,0,0,4,0.3
Hassan Haskins,RB,LAC,0,0,0,0,1,1,2,—,0,0,—,BYE,—,0,—,0,0,4,0.3
Dylan Laube,RB,LV,0,2,1,0,0,0,1,BYE,0,0,0,0,0,0,0,0,0,4,0.3
Gunner Olszewski,WR,NYG,0,0,0,0,0,0,0,0,1,2,0,0,0,BYE,—,0,1,4,0.3
Ryan Miller,WR,TB,1,1,1,0,0,0,1,0,BYE,0,0,0,0,0,—,—,—,4,0.3
Eric Saubert,TE,SEA,0,0,1,0,0,0,0,BYE,—,—,—,—,—,—,1,0,2,4,0.4
Cody White,WR,SEA,0,—,—,—,—,—,—,BYE,2,0,0,0,1,1,0,0,—,4,0.4
Justin Watson,WR,HOU,2,2,—,—,—,BYE,—,—,—,—,—,—,—,—,—,—,—,4,2.0
Lucas Krull,TE,DEN,2,0,2,—,—,—,—,0,—,—,—,BYE,—,—,—,—,—,4,1.0
Jelani Woods,TE,NYJ,—,1,—,—,—,—,—,0,BYE,—,—,—,—,—,0,2,1,4,0.8
Tucker Fisk,TE,LAC,—,—,1,1,0,0,0,0,1,1,0,BYE,0,—,—,—,—,4,0.4
Brenden Bates,TE,CLE,—,—,—,0,2,—,0,—,BYE,—,0,0,—,—,0,1,1,4,0.5
Jaleel McLaughlin,RB,DEN,—,—,—,—,—,1,—,—,—,—,1,BYE,1,1,0,0,0,4,0.6
Mason Kinsey,WR,TEN,—,—,—,—,—,—,0,0,0,BYE,3,0,—,0,0,0,1,4,0.4
Shedrick Jackson,WR,LV,—,—,—,—,—,—,0,BYE,—,—,—,—,—,1,0,—,3,4,1.0
Michael Bandy,WR,DEN,—,—,—,—,—,—,—,—,1,0,—,BYE,—,—,1,—,2,4,1.0
Andre Baccellia,WR,ARI,—,—,—,—,—,—,—,BYE,—,—,1,0,0,3,0,—,—,4,0.8
Jonathan Mingo,WR,DAL,—,—,—,—,—,—,—,—,—,BYE,—,0,—,1,1,1,1,4,0.8
Tom Kennedy,WR,DET,—,—,—,—,—,—,—,BYE,—,—,—,—,4,0,0,0,0,4,0.8
Sal Cannella,TE,CLE,—,—,—,—,—,—,—,—,BYE,—,—,—,—,—,—,—,4,4,4.0
Najee Harris,RB,LAC,1,2,0,—,—,—,—,—,—,—,—,BYE,—,—,—,—,—,3,1.0
Raheim Sanders,RB,CLE,0,—,—,—,—,—,—,—,BYE,—,—,0,—,—,—,1,2,3,0.8
Antonio Gibson,RB,NE,1,1,0,0,1,—,—,—,—,—,—,—,—,BYE,—,—,—,3,0.6
Alex Bachman,WR,LV,1,0,0,—,1,0,0,BYE,0,0,—,0,0,—,—,1,0,3,0.3
Braelon Allen,RB,NYJ,0,1,2,0,—,—,—,—,BYE,—,—,—,—,—,—,—,—,3,0.8
Connor Heyward,TE,PIT,0,1,0,0,BYE,1,1,0,0,0,0,0,—,0,0,0,0,3,0.2
Colson Yankoff,TE,WAS,0,0,0,0,0,0,0,—,—,0,1,BYE,1,1,0,—,0,3,0.2
Payne Durham,TE,TB,0,1,0,0,0,0,0,0,BYE,1,0,0,1,0,0,0,0,3,0.2
Tank Bigsby,RB,PHI,0,—,0,0,0,0,1,0,BYE,0,0,0,0,0,1,0,1,3,0.2
Trevor Etienne,RB,CAR,0,1,0,0,1,0,0,0,0,0,0,0,1,BYE,0,0,0,3,0.2
David Martin-Robinson,TE,TEN,0,—,0,—,0,1,0,0,0,BYE,0,0,0,1,0,0,1,3,0.2
Tai Felton,WR,MIN,0,—,1,0,0,BYE,0,0,0,—,0,0,0,1,0,1,—,3,0.2
Zaire Mitchell-Paden,TE,NO,0,1,0,0,1,0,—,—,—,1,BYE,0,—,—,—,—,—,3,0.4
Dareke Young,WR,SEA,—,0,1,0,1,0,0,BYE,—,—,—,—,—,—,—,0,1,3,0.4
Josiah Deguara,TE,ARI,—,0,—,—,—,—,0,BYE,0,0,0,1,0,1,0,1,0,3,0.3
Tyler Goodson,RB,IND,—,—,0,1,—,—,—,0,2,0,BYE,0,0,0,0,0,—,3,0.3
Chris Rodriguez Jr.,RB,WAS,—,—,0,0,0,0,0,0,0,0,1,BYE,1,0,—,1,—,3,0.3
James Mitchell,TE,CAR,—,—,—,2,1,0,—,—,—,—,—,—,0,BYE,—,—,—,3,0.8
Deven Thompkins,WR,ATL,—,—,—,—,BYE,0,—,—,—,—,—,—,2,1,0,0,0,3,0.5
Jordan Watkins,WR,SF,—,—,—,—,—,—,—,2,1,0,—,—,—,BYE,0,0,—,3,0.6
AJ Dillon,RB,PHI,0,0,0,0,0,2,—,—,BYE,—,—,—,—,—,—,—,—,2,0.3
Derius Davis,WR,LAC,0,0,0,—,—,—,0,0,0,1,1,BYE,0,0,—,—,—,2,0.2
DJ Giddens,RB,IND,0,1,0,0,1,0,0,—,—,—,BYE,—,—,—,—,—,0,2,0.3
Anthony Gould,WR,IND,0,0,0,0,0,0,1,0,—,—,BYE,0,0,1,—,—,—,2,0.2
Tahj Brooks,RB,CIN,0,0,0,0,—,—,0,0,0,BYE,0,1,—,—,0,0,1,2,0.2
Xavier Gipson,WR,PHI,0,—,—,—,—,—,0,1,BYE,0,0,1,—,—,—,—,—,2,0.3
Kaleb Johnson,RB,PIT,0,0,—,1,BYE,0,—,—,1,0,0,—,0,0,0,—,—,2,0.2
George Holani,RB,SEA,0,0,2,0,0,0,0,BYE,0,0,0,—,—,—,—,—,—,2,0.2
Julius Chestnut,RB,TEN,0,0,0,1,1,0,0,0,0,BYE,0,0,0,0,0,0,0,2,0.1
Moliki Matavao,TE,NO,0,0,—,0,—,—,—,—,—,—,BYE,—,—,—,—,0,2,2,0.4
Ben Yurosek,TE,MIN,0,0,0,—,—,BYE,0,2,0,0,0,—,—,—,0,0,0,2,0.2
Jake Bobo,WR,SEA,—,0,0,1,0,0,1,BYE,—,—,—,0,—,0,0,—,0,2,0.2
Cam Grandy,TE,CIN,—,—,1,0,—,—,0,—,—,BYE,—,—,—,—,0,1,—,2,0.4
Tay Martin,WR,WAS,—,—,—,1,1,0,—,—,—,—,—,BYE,—,—,—,—,—,2,0.7
Khalil Herbert,RB,NYJ,—,—,—,—,0,—,—,—,BYE,—,—,—,—,0,1,—,1,2,0.5
Tahj Washington,WR,MIA,—,—,—,—,0,—,—,—,2,0,0,BYE,—,—,—,—,0,2,0.4
Efton Chism III,WR,NE,—,—,—,—,—,0,0,—,0,0,0,—,0,BYE,—,—,2,2,0.3
Ben Sims,TE,MIN,—,—,—,—,—,0,—,—,—,0,—,0,0,1,0,0,1,2,0.3
Jared Wayne,WR,HOU,—,—,—,—,—,BYE,—,2,—,—,—,—,—,—,—,—,—,2,2.0
Clyde Edwards-Helaire,RB,KC,—,—,—,—,—,—,—,—,0,BYE,—,2,—,—,—,—,—,2,1.0
Pharaoh Brown,TE,ARI,—,—,—,—,—,—,—,BYE,—,—,0,0,0,0,2,0,—,2,0.3
Jason Brownlee,WR,KC,1,0,0,—,0,0,—,—,—,BYE,—,—,—,—,—,—,—,1,0.2
Nikko Remigio,WR,KC,0,1,0,0,0,0,0,0,0,BYE,0,0,0,—,0,0,—,1,0.1
Charlie Jones,WR,CIN,0,0,0,0,0,0,0,0,0,BYE,0,1,0,0,0,—,—,1,0.1
David Moore,WR,CAR,0,0,1,0,—,—,—,—,—,—,—,—,—,BYE,—,—,—,1,0.3
Brady Russell,TE,SEA,0,0,0,0,0,0,0,BYE,0,0,0,0,0,0,1,0,—,1,0.1
Dameon Pierce,RB,HOU,1,—,—,—,0,BYE,—,0,—,0,—,—,—,—,—,—,—,1,0.3
Bryce Oliver,WR,TEN,1,0,—,—,—,—,—,—,—,BYE,—,—,—,—,—,—,—,1,0.5
Robert Tonyan,TE,KC,0,0,0,0,0,0,0,0,0,BYE,1,0,0,0,0,0,—,1,0.1
Jack Westover,TE,NE,0,0,0,0,0,0,0,0,0,1,0,0,0,BYE,0,0,0,1,0.1
Chris Manhertz,TE,NYG,0,0,1,0,0,0,0,0,0,0,0,0,0,BYE,0,0,0,1,0.1
Reggie Gilliam,RB,BUF,0,0,0,0,0,0,BYE,0,0,0,0,1,0,0,0,0,0,1,0.1
Tim Jones,WR,JAC,0,0,—,—,—,—,—,BYE,1,0,—,—,—,—,—,—,—,1,0.3
Brayden Willis,TE,SF,—,1,0,0,0,0,—,—,—,—,—,—,—,BYE,—,—,0,1,0.2
Cam Akers,RB,SEA,—,—,1,—,0,—,—,BYE,—,—,—,—,—,—,—,—,0,1,0.3
Malik Turner,WR,SF,—,—,0,—,1,—,0,—,—,—,—,—,—,BYE,—,—,—,1,0.3
Devin Culp,TE,TB,—,—,—,0,0,0,0,0,BYE,0,0,0,0,0,1,—,—,1,0.1
C.J. Ham,RB,MIN,—,—,—,—,0,BYE,1,—,—,0,0,0,0,0,0,0,0,1,0.1
DeeJay Dallas,RB,JAC,—,—,—,—,0,0,—,BYE,—,—,—,—,—,—,—,0,1,1,0.3
Jaydon Blue,RB,DAL,—,—,—,—,0,0,1,0,—,BYE,—,—,—,—,—,—,—,1,0.3
Will Mallory,TE,IND,—,—,—,—,0,—,—,—,—,—,BYE,—,—,—,—,—,1,1,0.5
Carter Runyon,TE,LV,—,—,—,—,0,0,1,BYE,0,—,0,0,0,0,—,0,0,1,0.1
Ke'Shawn Williams,WR,CIN,—,—,—,—,—,0,0,0,0,0,0,0,0,—,—,0,1,1,0.1
Patrick Ricard,RB,BAL,—,—,—,—,—,0,BYE,0,0,0,0,0,0,1,0,0,0,1,0.1
Terrell Jennings,RB,NE,—,—,—,—,—,—,0,0,1,0,—,0,0,BYE,—,—,—,1,0.2
Brittain Brown,RB,CHI,—,—,—,—,BYE,—,—,—,1,—,—,—,—,—,0,—,—,1,0.5
Nick Kallerup,TE,SEA,—,—,—,—,—,—,—,BYE,0,1,0,0,0,0,0,0,0,1,0.1
Amar Johnson,RB,LAC,—,—,—,—,—,—,—,—,—,—,1,BYE,—,—,—,—,—,1,1.0
Mecole Hardman Jr.,WR,BUF,—,—,—,—,—,—,BYE,—,—,—,1,—,—,—,—,0,—,1,0.5
Keleki Latu,TE,BUF,—,—,—,—,—,—,BYE,—,—,—,1,0,0,—,—,—,0,1,0.3
Elijah Mitchell,RB,KC,—,—,—,—,—,—,—,—,—,BYE,1,—,—,—,—,—,—,1,1.0
Jared Wiley,TE,KC,—,—,—,—,—,—,—,—,—,BYE,—,—,1,—,—,0,0,1,0.3
Evan Hull,RB,NO,—,—,—,—,—,—,—,—,—,—,BYE,—,0,1,0,0,0,1,0.2
Coleman Owen,WR,IND,—,—,—,—,—,—,—,—,—,—,BYE,—,—,—,0,1,—,1,0.5
Giovanni Ricci,TE,DET,—,—,—,—,—,—,—,BYE,—,—,—,—,—,—,0,0,1,1,0.3
Steven Sims Jr.,WR,ARI,—,—,—,—,—,—,—,BYE,—,—,—,—,—,—,—,1,0,1,0.5
Ulysses Bentley IV,RB,IND,0,—,—,—,—,—,—,—,—,—,BYE,—,—,—,—,—,—,0,0.0
DeAndre Carter,WR,CLE,0,0,0,0,—,—,—,—,BYE,—,—,0,—,—,—,—,—,0,0.0
Velus Jones Jr.,WR,SEA,0,—,0,0,0,—,—,BYE,—,—,—,—,—,0,0,—,—,0,0.0
Justin Shorter,WR,LV,0,—,0,0,—,0,0,BYE,—,—,—,—,—,—,—,—,—,0,0.0
Kene Nwangwu,RB,NYJ,0,—,—,—,—,0,0,—,BYE,0,0,0,—,0,—,0,0,0,0.0
Jamal Agnew,WR,ATL,0,—,—,0,BYE,0,0,0,0,0,0,0,0,0,—,—,—,0,0.0
Ko Kieft,TE,TB,0,0,0,—,—,—,—,—,BYE,—,—,—,—,—,—,—,—,0,0.0
Russell Gage Jr.,WR,SF,0,—,—,—,—,—,—,—,—,—,—,—,—,BYE,—,—,—,0,0.0
Isaac Guerendo,RB,SF,0,0,0,—,0,—,0,—,0,—,0,—,0,BYE,—,—,—,0,0.0
Craig Reynolds,RB,DET,0,0,—,0,0,0,—,BYE,—,0,—,—,—,—,—,—,—,0,0.0
Jacob Saylors,RB,DET,0,0,0,0,0,—,0,BYE,0,—,0,0,—,0,—,0,—,0,0.0
Patrick Murtagh,TE,DEN,0,—,—,—,—,—,—,—,—,—,—,BYE,—,—,—,—,—,0,0.0
LaJohntay Wester,WR,BAL,0,0,0,0,0,0,BYE,—,0,0,0,0,0,0,0,0,0,0,0.0
Myles Price,WR,MIN,0,0,0,0,0,BYE,0,0,0,0,0,0,0,0,0,0,0,0,0.0
Ty Chandler,RB,MIN,0,—,—,—,—,BYE,—,—,—,—,—,—,—,—,—,—,0,0,0.0
Teagan Quitoriano,TE,ATL,0,0,0,0,BYE,0,—,0,—,0,0,0,0,0,0,0,0,0,0.0
Jeff Wilson Jr.,RB,MIA,0,—,—,—,—,—,—,—,—,—,—,BYE,—,—,—,—,—,0,0.0
Travis Vokolek,TE,ARI,0,0,—,—,0,—,—,BYE,—,—,—,—,—,—,—,—,—,0,0.0
Robbie Ouzts,TE,SEA,0,0,0,—,—,—,—,BYE,0,0,0,0,0,0,—,0,0,0,0.0
Jakob Johnson,RB,HOU,0,0,0,—,—,BYE,—,—,—,—,0,0,0,0,—,—,—,0,0.0
Jeremiah Webb,WR,NE,0,—,—,—,—,—,—,—,—,—,—,—,—,BYE,—,—,—,0,0.0
Jordan Mims,RB,TEN,—,0,—,—,—,—,—,—,—,BYE,—,—,—,—,—,—,—,0,0.0
Roschon Johnson,RB,CHI,—,0,0,0,BYE,0,0,—,—,—,0,—,—,—,—,—,—,0,0.0
James Winchester,TE,KC,—,0,0,—,—,—,—,—,—,BYE,—,—,—,—,—,0,—,0,0.0
Dominic Lovett,WR,DET,—,0,0,0,0,0,—,BYE,—,0,0,—,—,0,—,—,—,0,0.0
Cameron Latu,TE,PHI,—,0,0,0,0,0,0,0,BYE,0,0,0,0,0,0,—,0,0,0.0
Nathan Carter,RB,ATL,—,0,0,—,BYE,—,—,0,—,—,—,—,—,—,—,—,—,0,0.0
Dalevon Campbell,WR,CAR,—,—,0,0,—,—,—,—,—,—,—,—,—,BYE,—,—,—,0,0.0
Kaden Davis,WR,CLE,—,—,0,—,—,—,—,—,BYE,—,0,—,—,—,—,—,—,0,0.0
Jacardia Wright,RB,SEA,—,—,0,—,—,—,—,BYE,—,—,—,—,—,—,—,—,—,0,0.0
Simi Fehoko,WR,ARI,—,—,0,0,0,0,0,BYE,0,0,—,—,—,—,—,—,—,0,0.0
Sione Vaki,RB,DET,—,—,0,—,—,—,—,BYE,0,0,—,—,0,0,0,—,0,0,0.0
Treyton Welch,TE,NO,—,—,0,—,—,—,—,—,—,—,BYE,—,—,—,—,—,0,0,0.0
Xazavian Valladay,RB,MIN,—,—,0,—,—,BYE,—,—,—,—,—,—,—,—,—,—,—,0,0.0
Jalen Moreno-Cropper,WR,DAL,—,—,0,0,0,0,—,—,—,BYE,—,—,—,—,—,—,—,0,0.0
Sincere McCormick,RB,SF,—,—,0,—,—,—,—,—,—,—,—,—,—,BYE,—,—,—,0,0.0
Jordan James,RB,SF,—,—,0,—,—,—,—,—,—,—,—,—,—,BYE,—,0,—,0,0.0
Trey Sermon,RB,PIT,—,—,—,0,BYE,—,—,—,0,0,—,—,—,—,—,—,—,0,0.0
Jalen Royals,WR,KC,—,—,—,0,0,0,0,—,—,BYE,—,—,—,—,—,0,0,0,0.0
Nick Vannett,TE,LAR,—,—,—,0,—,—,—,BYE,0,—,—,—,—,0,—,—,—,0,0.0
Jackson Meeks,WR,DET,—,—,—,0,—,—,—,BYE,—,—,0,—,—,—,—,—,—,0,0.0
British Brooks,RB,HOU,—,—,—,0,0,BYE,0,0,0,0,—,0,0,0,0,0,0,0,0.0
Stephen Carlson,TE,CHI,—,—,—,0,BYE,—,—,0,—,—,—,—,—,—,—,—,—,0,0.0
Kenny Yeboah,TE,DET,—,—,—,0,—,—,—,BYE,—,—,—,—,—,—,—,—,—,0,0.0
Avery Williams,RB,NYJ,—,—,—,—,0,—,—,—,BYE,—,—,—,—,—,—,—,—,0,0.0
Josh Williams,RB,TB,—,—,—,—,0,—,—,0,BYE,—,—,—,—,—,—,—,—,0,0.0
Jacob Cowing,WR,SF,—,—,—,—,0,—,—,—,—,—,—,—,—,BYE,—,—,—,0,0.0
Parris Campbell,WR,DAL,—,—,—,—,—,0,—,—,—,BYE,—,—,—,—,—,—,—,0,0.0
Nyheim Miller-Hines,RB,LAC,—,—,—,—,—,0,0,0,—,—,—,BYE,—,—,—,—,—,0,0.0
Owen Wright,RB,TB,—,—,—,—,—,0,—,—,BYE,—,0,0,—,—,—,—,—,0,0.0
Lew Nichols III,RB,PIT,—,—,—,—,BYE,0,—,—,0,—,—,—,—,—,—,—,—,0,0.0
Ja'Corey Brooks,WR,WAS,—,—,—,—,—,0,—,—,—,—,—,BYE,—,—,—,—,—,0,0.0
Travis Homer,RB,CHI,—,—,—,—,BYE,—,0,0,0,—,0,—,0,0,—,—,0,0,0.0
Laquon Treadwell,WR,IND,—,—,—,—,—,—,0,—,—,0,BYE,0,0,0,0,0,0,0,0.0
D'Ernest Johnson,RB,NE,—,—,—,—,—,—,0,—,—,0,0,—,—,BYE,—,0,0,0,0.0
Thomas Fidone II,TE,NYG,—,—,—,—,—,—,0,—,0,—,—,—,—,BYE,—,—,—,0,0.0
E.J. Jenkins,TE,PHI,—,—,—,—,—,—,0,—,BYE,—,—,—,—,—,—,0,—,0,0.0
Ronnie Rivers,RB,LAR,—,—,—,—,—,—,0,BYE,—,—,—,—,0,0,0,0,0,0,0.0
Quinton Bell,WR,MIA,—,—,—,—,—,—,0,—,—,0,—,BYE,—,—,—,0,0,0,0.0
Cade McDonald,WR,CLE,—,—,—,—,—,—,0,—,BYE,—,—,—,—,—,—,—,—,0,0.0
Eric Gray,RB,NYG,—,—,—,—,—,—,0,—,—,—,—,0,—,BYE,—,—,0,0,0.0
Kye Robichaux,RB,DET,—,—,—,—,—,—,0,BYE,—,—,—,—,—,—,—,—,—,0,0.0
Jaret Patterson,RB,LAC,—,—,—,—,—,—,—,0,0,0,—,BYE,0,—,—,—,0,0,0.0
Hayden Rucci,TE,MIA,—,—,—,—,—,—,—,0,0,0,0,BYE,—,—,—,—,—,0,0.0
Brandon Smith,WR,NYJ,—,—,—,—,—,—,—,0,BYE,—,—,—,—,—,—,—,—,0,0.0
Michael Burton,RB,DEN,—,—,—,—,—,—,—,0,—,—,—,BYE,—,—,—,—,—,0,0.0
Raheem Blackshear,RB,PIT,—,—,—,—,BYE,—,—,0,—,—,—,—,—,—,—,—,—,0,0.0
Princeton Fant,TE,DAL,—,—,—,—,—,—,—,—,0,BYE,—,—,—,—,—,—,—,0,0.0
Marcedes Lewis,TE,DEN,—,—,—,—,—,—,—,—,0,0,0,BYE,—,0,—,—,0,0,0.0
Ricky White III,WR,SEA,—,—,—,—,—,—,—,BYE,0,0,—,—,—,—,—,—,—,0,0.0
Dan Chisena,WR,CAR,—,—,—,—,—,—,—,—,—,0,—,—,—,BYE,—,—,—,0,0.0
Chase Edmonds,RB,WAS,—,—,—,—,—,—,—,—,—,—,0,BYE,—,—,0,—,0,0,0.0
Dalen Cambre,WR,NYG,—,—,—,—,—,—,—,—,—,—,0,0,0,BYE,0,—,0,0,0.0
Kendall Milton,RB,CIN,—,—,—,—,—,—,—,—,—,BYE,0,—,—,—,—,—,—,0,0.0
Nikola Kalinic,TE,CHI,—,—,—,—,BYE,—,—,—,—,—,—,0,—,—,—,—,—,0,0.0
Kalel Mullings,RB,TEN,—,—,—,—,—,—,—,—,—,BYE,—,0,0,—,0,0,0,0,0.0
Gary Brightwell,RB,CIN,—,—,—,—,—,—,—,—,—,BYE,—,0,0,—,—,—,—,0,0.0
Deion Hankins,RB,CHI,—,—,—,—,BYE,—,—,—,—,—,—,0,—,—,—,—,—,0,0.0
Chris Collier,RB,LV,—,—,—,—,—,—,—,BYE,—,—,—,0,—,—,—,—,—,0,0.0
Britain Covey,WR,PHI,—,—,—,—,—,—,—,—,BYE,—,—,—,0,0,0,0,0,0,0.0
Myles Gaskin,RB,SEA,—,—,—,—,—,—,—,BYE,—,—,—,—,0,—,—,—,—,0,0.0
Zach Horton,TE,DET,—,—,—,—,—,—,—,BYE,—,—,—,—,0,—,—,—,—,0,0.0
Keilan Robinson,RB,NYJ,—,—,—,—,—,—,—,—,BYE,—,—,—,0,—,—,—,—,0,0.0
Jashaun Corbin,RB,NE,—,—,—,—,—,—,—,—,—,—,—,—,0,BYE,—,—,—,0,0.0
DJ Turner,WR,LV,—,—,—,—,—,—,—,BYE,—,—,—,—,—,0,—,—,—,0,0.0
Alexander Mattison,RB,MIA,—,—,—,—,—,—,—,—,—,—,—,BYE,—,0,0,—,—,0,0.0
Corey Kiner,RB,ARI,—,—,—,—,—,—,—,BYE,—,—,—,—,—,—,0,0,0,0,0.0
Chris Blair,WR,ATL,—,—,—,—,BYE,—,—,—,—,—,—,—,—,—,0,0,0,0,0.0
Jordan Moore,WR,CIN,—,—,—,—,—,—,—,—,—,BYE,—,—,—,—,0,—,—,0,0.0
Chandler Brayboy,WR,JAC,—,—,—,—,—,—,—,BYE,—,—,—,—,—,—,0,—,—,0,0.0
Kristian Wilkerson,WR,TEN,—,—,—,—,—,—,—,—,—,BYE,—,—,—,—,0,—,—,0,0.0
Lawrence Cager,WR,WAS,—,—,—,—,—,—,—,—,—,—,—,BYE,—,—,—,0,—,0,0.0
Maurice Alexander,WR,CHI,—,—,—,—,BYE,—,—,—,—,—,—,—,—,—,—,0,—,0,0.0
Keaontay Ingram,RB,KC,—,—,—,—,—,—,—,—,—,BYE,—,—,—,—,—,0,—,0,0.0
Bryson Green,WR,ARI,—,—,—,—,—,—,—,BYE,—,—,—,—,—,—,—,0,—,0,0.0
River Cracraft,WR,WAS,—,—,—,—,—,—,—,—,—,—,—,BYE,—,—,—,—,0,0,0.0
Ronnie Bell,WR,NO,—,—,—,—,—,—,—,—,—,—,BYE,—,—,—,—,—,0,0,0.0
Drake Dabney,TE,GB,—,—,—,—,BYE,—,—,—,—,—,—,—,—,—,—,—,0,0,0.0
CJ Dippre,TE,NE,—,—,—,—,—,—,—,—,—,—,—,—,—,BYE,—,—,0,0,0.0
Zach Davidson,TE,NYG,—,—,—,—,—,—,—,—,—,—,—,—,—,BYE,—,—,0,0,0.0