"ECR","Player","1","2","3","4","5","6","7","8","9","10","11","12","13","14","15","16","17","18"
"1","Brandon AubreyB. Aubrey DAL","at  NYGThis is a 5 star matchup. Ks perform better than their average vs. NYG who currently ranks #4 against this position","vs.  WASThis is a 5 star matchup. Ks perform better than their average vs. WAS who currently ranks #13 against this position","vs.  BALThis is a 1 star matchup. Ks perform below their average vs. BAL who currently ranks #26 against this position","at  HOUThis is a 3 star matchup. Ks perform close to their average vs. HOU who currently ranks #16 against this position","vs.  TBThis is a 2 star matchup. Ks perform close to their average vs. TB who currently ranks #17 against this position","at  GBThis is a 1 star matchup. Ks perform below their average vs. GB who currently ranks #27 against this position","at  PHIThis is a 1 star matchup. Ks perform below their average vs. PHI who currently ranks #25 against this position","vs.  ARIThis is a 5 star matchup. Ks perform better than their average vs. ARI who currently ranks #6 against this position","at  INDThis is a 5 star matchup. Ks perform better than their average vs. IND who currently ranks #3 against this position","vs.  SFThis is a 1 star matchup. Ks perform below their average vs. SF who currently ranks #29 against this position","vs.  TENThis is a 5 star matchup. Ks perform better than their average vs. TEN who currently ranks #2 against this position","vs.  PHIThis is a 1 star matchup. Ks perform below their average vs. PHI who currently ranks #25 against this position","at  SEAThis is a 1 star matchup. Ks perform below their average vs. SEA who currently ranks #28 against this position","BYE","at  LARThis is a 3 star matchup. Ks perform close to their average vs. LAR who currently ranks #15 against this position","vs.  JACThis is a 1 star matchup. Ks perform below their average vs. JAC who currently ranks #21 against this position","vs.  NYGThis is a 5 star matchup. Ks perform better than their average vs. NYG who currently ranks #4 against this position","at  WASThis is a 5 star matchup. Ks perform better than their average vs. WAS who currently ranks #13 against this position"
"2","Ka'imi FairbairnK. Fairbairn HOU","vs.  BUFThis is a 1 star matchup. Ks perform below their average vs. BUF who currently ranks #23 against this position","vs.  CINThis is a 5 star matchup. Ks perform better than their average vs. CIN who currently ranks #7 against this position","at  INDThis is a 5 star matchup. Ks perform better than their average vs. IND who currently ranks #3 against this position","vs.  DALThis is a 3 star matchup. Ks perform close to their average vs. DAL who currently ranks #14 against this position","at  TENThis is a 5 star matchup. Ks perform better than their average vs. TEN who currently ranks #2 against this position","at  JACThis is a 1 star matchup. Ks perform below their average vs. JAC who currently ranks #21 against this position","vs.  NYGThis is a 5 star matchup. Ks perform better than their average vs. NYG who currently ranks #4 against this position","BYE","at  LACThis is a 1 star matchup. Ks perform below their average vs. LAC who currently ranks #30 against this position","at  CLEThis is a 1 star matchup. Ks perform below their average vs. CLE who currently ranks #31 against this position","vs.  INDThis is a 5 star matchup. Ks perform better than their average vs. IND who currently ranks #3 against this position","vs.  BALThis is a 1 star matchup. Ks perform below their average vs. BAL who currently ranks #26 against this position","at  PITThis is a 1 star matchup. Ks perform below their average vs. PIT who currently ranks #32 against this position","at  WASThis is a 5 star matchup. Ks perform better than their average vs. WAS who currently ranks #13 against this position","vs.  JACThis is a 1 star matchup. Ks perform below their average vs. JAC who currently ranks #21 against this position","at  PHIThis is a 1 star matchup. Ks perform below their average vs. PHI who currently ranks #25 against this position","at  GBThis is a 1 star matchup. Ks perform below their average vs. GB who currently ranks #27 against this position","vs.  TENThis is a 5 star matchup. Ks perform better than their average vs. TEN who currently ranks #2 against this position"
"3","Cameron DickerC. Dicker LAC","vs.  ARIThis is a 5 star matchup. Ks perform better than their average vs. ARI who currently ranks #6 against this position","vs.  LVThis is a 5 star matchup. Ks perform better than their average vs. LV who currently ranks #5 against this position","at  BUFThis is a 1 star matchup. Ks perform below their average vs. BUF who currently ranks #23 against this position","at  SEAThis is a 1 star matchup. Ks perform below their average vs. SEA who currently ranks #28 against this position","vs.  DENThis is a 5 star matchup. Ks perform better than their average vs. DEN who currently ranks #9 against this position","at  KCThis is a 1 star matchup. Ks perform below their average vs. KC who currently ranks #22 against this position","BYE","at  LARThis is a 3 star matchup. Ks perform close to their average vs. LAR who currently ranks #15 against this position","vs.  HOUThis is a 3 star matchup. Ks perform close to their average vs. HOU who currently ranks #16 against this position","at  BALThis is a 1 star matchup. Ks perform below their average vs. BAL who currently ranks #26 against this position","vs.  NYJThis is a 5 star matchup. Ks perform better than their average vs. NYJ who currently ranks #11 against this position","vs.  NEThis is a 1 star matchup. Ks perform below their average vs. NE who currently ranks #24 against this position","at  TBThis is a 2 star matchup. Ks perform close to their average vs. TB who currently ranks #17 against this position","at  LVThis is a 5 star matchup. Ks perform better than their average vs. LV who currently ranks #5 against this position","vs.  SFThis is a 1 star matchup. Ks perform below their average vs. SF who currently ranks #29 against this position","at  MIAThis is a 5 star matchup. Ks perform better than their average vs. MIA who currently ranks #12 against this position","vs.  KCThis is a 1 star matchup. Ks perform below their average vs. KC who currently ranks #22 against this position","at  DENThis is a 5 star matchup. Ks perform better than their average vs. DEN who currently ranks #9 against this position"
"4","Jason MyersJ. Myers SEA","vs.  NEThis is a 1 star matchup. Ks perform below their average vs. NE who currently ranks #24 against this position","at  ARIThis is a 5 star matchup. Ks perform better than their average vs. ARI who currently ranks #6 against this position","at  WASThis is a 5 star matchup. Ks perform better than their average vs. WAS who currently ranks #13 against this position","vs.  LACThis is a 1 star matchup. Ks perform below their average vs. LAC who currently ranks #30 against this position","vs.  SFThis is a 1 star matchup. Ks perform below their average vs. SF who currently ranks #29 against this position","at  DENThis is a 5 star matchup. Ks perform better than their average vs. DEN who currently ranks #9 against this position","vs.  KCThis is a 1 star matchup. Ks perform below their average vs. KC who currently ranks #22 against this position","vs.  CHIThis is a 2 star matchup. Ks perform below their average vs. CHI who currently ranks #19 against this position","vs.  ARIThis is a 5 star matchup. Ks perform better than their average vs. ARI who currently ranks #6 against this position","at  LVThis is a 5 star matchup. Ks perform better than their average vs. LV who currently ranks #5 against this position","BYE","at  SFThis is a 1 star matchup. Ks perform below their average vs. SF who currently ranks #29 against this position","vs.  DALThis is a 3 star matchup. Ks perform close to their average vs. DAL who currently ranks #14 against this position","vs.  NYGThis is a 5 star matchup. Ks perform better than their average vs. NYG who currently ranks #4 against this position","at  PHIThis is a 1 star matchup. Ks perform below their average vs. PHI who currently ranks #25 against this position","vs.  LARThis is a 3 star matchup. Ks perform close to their average vs. LAR who currently ranks #15 against this position","at  CARThis is a 5 star matchup. Ks perform better than their average vs. CAR who currently ranks #1 against this position","at  LARThis is a 3 star matchup. Ks perform close to their average vs. LAR who currently ranks #15 against this position"
"5","Cam LittleC. Little JAC","vs.  CLEThis is a 1 star matchup. Ks perform below their average vs. CLE who currently ranks #31 against this position","at  DENThis is a 5 star matchup. Ks perform better than their average vs. DEN who currently ranks #9 against this position","vs.  NEThis is a 1 star matchup. Ks perform below their average vs. NE who currently ranks #24 against this position","at  CINThis is a 5 star matchup. Ks perform better than their average vs. CIN who currently ranks #7 against this position","vs.  PHIThis is a 1 star matchup. Ks perform below their average vs. PHI who currently ranks #25 against this position","vs.  HOUThis is a 3 star matchup. Ks perform close to their average vs. HOU who currently ranks #16 against this position","BYE","vs.  INDThis is a 5 star matchup. Ks perform better than their average vs. IND who currently ranks #3 against this position","at  BALThis is a 1 star matchup. Ks perform below their average vs. BAL who currently ranks #26 against this position","at  TENThis is a 5 star matchup. Ks perform better than their average vs. TEN who currently ranks #2 against this position","at  NYGThis is a 5 star matchup. Ks perform better than their average vs. NYG who currently ranks #4 against this position","vs.  TENThis is a 5 star matchup. Ks perform better than their average vs. TEN who currently ranks #2 against this position","at  CHIThis is a 2 star matchup. Ks perform below their average vs. CHI who currently ranks #19 against this position","vs.  PITThis is a 1 star matchup. Ks perform below their average vs. PIT who currently ranks #32 against this position","at  HOUThis is a 3 star matchup. Ks perform close to their average vs. HOU who currently ranks #16 against this position","at  DALThis is a 3 star matchup. Ks perform close to their average vs. DAL who currently ranks #14 against this position","vs.  WASThis is a 5 star matchup. Ks perform better than their average vs. WAS who currently ranks #13 against this position","at  INDThis is a 5 star matchup. Ks perform better than their average vs. IND who currently ranks #3 against this position"
"6","Eddy PineiroE. Pineiro SF","at  LARThis is a 3 star matchup. Ks perform close to their average vs. LAR who currently ranks #15 against this position","vs.  MIAThis is a 5 star matchup. Ks perform better than their average vs. MIA who currently ranks #12 against this position","vs.  ARIThis is a 5 star matchup. Ks perform better than their average vs. ARI who currently ranks #6 against this position","vs.  DENThis is a 5 star matchup. Ks perform better than their average vs. DEN who currently ranks #9 against this position","at  SEAThis is a 1 star matchup. Ks perform below their average vs. SEA who currently ranks #28 against this position","vs.  WASThis is a 5 star matchup. Ks perform better than their average vs. WAS who currently ranks #13 against this position","at  ATLThis is a 5 star matchup. Ks perform better than their average vs. ATL who currently ranks #8 against this position","BYE","vs.  LVThis is a 5 star matchup. Ks perform better than their average vs. LV who currently ranks #5 against this position","at  DALThis is a 3 star matchup. Ks perform close to their average vs. DAL who currently ranks #14 against this position","vs.  MINThis is a 5 star matchup. Ks perform better than their average vs. MIN who currently ranks #10 against this position","vs.  SEAThis is a 1 star matchup. Ks perform below their average vs. SEA who currently ranks #28 against this position","at  NYGThis is a 5 star matchup. Ks perform better than their average vs. NYG who currently ranks #4 against this position","vs.  LARThis is a 3 star matchup. Ks perform close to their average vs. LAR who currently ranks #15 against this position","at  LACThis is a 1 star matchup. Ks perform below their average vs. LAC who currently ranks #30 against this position","at  KCThis is a 1 star matchup. Ks perform below their average vs. KC who currently ranks #22 against this position","vs.  PHIThis is a 1 star matchup. Ks perform below their average vs. PHI who currently ranks #25 against this position","at  ARIThis is a 5 star matchup. Ks perform better than their average vs. ARI who currently ranks #6 against this position"
"7","Tyler LoopT. Loop BAL","at  INDThis is a 5 star matchup. Ks perform better than their average vs. IND who currently ranks #3 against this position","vs.  NOThis is a 2 star matchup. Ks perform below their average vs. NO who currently ranks #18 against this position","at  DALThis is a 3 star matchup. Ks perform close to their average vs. DAL who currently ranks #14 against this position","vs.  TENThis is a 5 star matchup. Ks perform better than their average vs. TEN who currently ranks #2 against this position","at  ATLThis is a 5 star matchup. Ks perform better than their average vs. ATL who currently ranks #8 against this position","at  CLEThis is a 1 star matchup. Ks perform below their average vs. CLE who currently ranks #31 against this position","vs.  CINThis is a 5 star matchup. Ks perform better than their average vs. CIN who currently ranks #7 against this position","at  BUFThis is a 1 star matchup. Ks perform below their average vs. BUF who currently ranks #23 against this position","vs.  JACThis is a 1 star matchup. Ks perform below their average vs. JAC who currently ranks #21 against this position","vs.  LACThis is a 1 star matchup. Ks perform below their average vs. LAC who currently ranks #30 against this position","at  CARThis is a 5 star matchup. Ks perform better than their average vs. CAR who currently ranks #1 against this position","at  HOUThis is a 3 star matchup. Ks perform close to their average vs. HOU who currently ranks #16 against this position","BYE","vs.  TBThis is a 2 star matchup. Ks perform close to their average vs. TB who currently ranks #17 against this position","at  PITThis is a 1 star matchup. Ks perform below their average vs. PIT who currently ranks #32 against this position","vs.  CLEThis is a 1 star matchup. Ks perform below their average vs. CLE who currently ranks #31 against this position","at  CINThis is a 5 star matchup. Ks perform better than their average vs. CIN who currently ranks #7 against this position","vs.  PITThis is a 1 star matchup. Ks perform below their average vs. PIT who currently ranks #32 against this position"
"8","Evan McPhersonE. McPherson CIN","vs.  TBThis is a 2 star matchup. Ks perform close to their average vs. TB who currently ranks #17 against this position","at  HOUThis is a 3 star matchup. Ks perform close to their average vs. HOU who currently ranks #16 against this position","at  PITThis is a 1 star matchup. Ks perform below their average vs. PIT who currently ranks #32 against this position","vs.  JACThis is a 1 star matchup. Ks perform below their average vs. JAC who currently ranks #21 against this position","at  MIAThis is a 5 star matchup. Ks perform better than their average vs. MIA who currently ranks #12 against this position","BYE","at  BALThis is a 1 star matchup. Ks perform below their average vs. BAL who currently ranks #26 against this position","vs.  TENThis is a 5 star matchup. Ks perform better than their average vs. TEN who currently ranks #2 against this position","at  ATLThis is a 5 star matchup. Ks perform better than their average vs. ATL who currently ranks #8 against this position","vs.  PITThis is a 1 star matchup. Ks perform below their average vs. PIT who currently ranks #32 against this position","at  WASThis is a 5 star matchup. Ks perform better than their average vs. WAS who currently ranks #13 against this position","vs.  NOThis is a 2 star matchup. Ks perform below their average vs. NO who currently ranks #18 against this position","at  CLEThis is a 1 star matchup. Ks perform below their average vs. CLE who currently ranks #31 against this position","vs.  KCThis is a 1 star matchup. Ks perform below their average vs. KC who currently ranks #22 against this position","at  CARThis is a 5 star matchup. Ks perform better than their average vs. CAR who currently ranks #1 against this position","at  INDThis is a 5 star matchup. Ks perform better than their average vs. IND who currently ranks #3 against this position","vs.  BALThis is a 1 star matchup. Ks perform below their average vs. BAL who currently ranks #26 against this position","vs.  CLEThis is a 1 star matchup. Ks perform below their average vs. CLE who currently ranks #31 against this position"
"9","Cairo SantosC. Santos CHI","at  CARThis is a 5 star matchup. Ks perform better than their average vs. CAR who currently ranks #1 against this position","vs.  MINThis is a 5 star matchup. Ks perform better than their average vs. MIN who currently ranks #10 against this position","vs.  PHIThis is a 1 star matchup. Ks perform below their average vs. PHI who currently ranks #25 against this position","vs.  NYJThis is a 5 star matchup. Ks perform better than their average vs. NYJ who currently ranks #11 against this position","at  GBThis is a 1 star matchup. Ks perform below their average vs. GB who currently ranks #27 against this position","at  ATLThis is a 5 star matchup. Ks perform better than their average vs. ATL who currently ranks #8 against this position","vs.  NEThis is a 1 star matchup. Ks perform below their average vs. NE who currently ranks #24 against this position","at  SEAThis is a 1 star matchup. Ks perform below their average vs. SEA who currently ranks #28 against this position","vs.  TBThis is a 2 star matchup. Ks perform close to their average vs. TB who currently ranks #17 against this position","BYE","vs.  NOThis is a 2 star matchup. Ks perform below their average vs. NO who currently ranks #18 against this position","at  DETThis is a 2 star matchup. Ks perform below their average vs. DET who currently ranks #20 against this position","vs.  JACThis is a 1 star matchup. Ks perform below their average vs. JAC who currently ranks #21 against this position","at  MIAThis is a 5 star matchup. Ks perform better than their average vs. MIA who currently ranks #12 against this position","at  BUFThis is a 1 star matchup. Ks perform below their average vs. BUF who currently ranks #23 against this position","vs.  GBThis is a 1 star matchup. Ks perform below their average vs. GB who currently ranks #27 against this position","vs.  DETThis is a 2 star matchup. Ks perform below their average vs. DET who currently ranks #20 against this position","at  MINThis is a 5 star matchup. Ks perform better than their average vs. MIN who currently ranks #10 against this position"
"10","Jake BatesJ. Bates DET","vs.  NOThis is a 2 star matchup. Ks perform below their average vs. NO who currently ranks #18 against this position","at  BUFThis is a 1 star matchup. Ks perform below their average vs. BUF who currently ranks #23 against this position","vs.  NYJThis is a 5 star matchup. Ks perform better than their average vs. NYJ who currently ranks #11 against this position","at  CARThis is a 5 star matchup. Ks perform better than their average vs. CAR who currently ranks #1 against this position","at  ARIThis is a 5 star matchup. Ks perform better than their average vs. ARI who currently ranks #6 against this position","BYE","vs.  GBThis is a 1 star matchup. Ks perform below their average vs. GB who currently ranks #27 against this position","vs.  MINThis is a 5 star matchup. Ks perform better than their average vs. MIN who currently ranks #10 against this position","at  MIAThis is a 5 star matchup. Ks perform better than their average vs. MIA who currently ranks #12 against this position","vs.  NEThis is a 1 star matchup. Ks perform below their average vs. NE who currently ranks #24 against this position","vs.  TBThis is a 2 star matchup. Ks perform close to their average vs. TB who currently ranks #17 against this position","vs.  CHIThis is a 2 star matchup. Ks perform below their average vs. CHI who currently ranks #19 against this position","at  ATLThis is a 5 star matchup. Ks perform better than their average vs. ATL who currently ranks #8 against this position","vs.  TENThis is a 5 star matchup. Ks perform better than their average vs. TEN who currently ranks #2 against this position","at  MINThis is a 5 star matchup. Ks perform better than their average vs. MIN who currently ranks #10 against this position","vs.  NYGThis is a 5 star matchup. Ks perform better than their average vs. NYG who currently ranks #4 against this position","at  CHIThis is a 2 star matchup. Ks perform below their average vs. CHI who currently ranks #19 against this position","at  GBThis is a 1 star matchup. Ks perform below their average vs. GB who currently ranks #27 against this position"
"11","Harrison MevisH. Mevis LAR","vs.  SFThis is a 1 star matchup. Ks perform below their average vs. SF who currently ranks #29 against this position","vs.  NYGThis is a 5 star matchup. Ks perform better than their average vs. NYG who currently ranks #4 against this position","at  DENThis is a 5 star matchup. Ks perform better than their average vs. DEN who currently ranks #9 against this position","at  PHIThis is a 1 star matchup. Ks perform below their average vs. PHI who currently ranks #25 against this position","vs.  BUFThis is a 1 star matchup. Ks perform below their average vs. BUF who currently ranks #23 against this position","vs.  ARIThis is a 5 star matchup. Ks perform better than their average vs. ARI who currently ranks #6 against this position","at  LVThis is a 5 star matchup. Ks perform better than their average vs. LV who currently ranks #5 against this position","vs.  LACThis is a 1 star matchup. Ks perform below their average vs. LAC who currently ranks #30 against this position","at  WASThis is a 5 star matchup. Ks perform better than their average vs. WAS who currently ranks #13 against this position","at  ARIThis is a 5 star matchup. Ks perform better than their average vs. ARI who currently ranks #6 against this position","BYE","vs.  GBThis is a 1 star matchup. Ks perform below their average vs. GB who currently ranks #27 against this position","vs.  KCThis is a 1 star matchup. Ks perform below their average vs. KC who currently ranks #22 against this position","at  SFThis is a 1 star matchup. Ks perform below their average vs. SF who currently ranks #29 against this position","vs.  DALThis is a 3 star matchup. Ks perform close to their average vs. DAL who currently ranks #14 against this position","at  SEAThis is a 1 star matchup. Ks perform below their average vs. SEA who currently ranks #28 against this position","at  TBThis is a 2 star matchup. Ks perform close to their average vs. TB who currently ranks #17 against this position","vs.  SEAThis is a 1 star matchup. Ks perform below their average vs. SEA who currently ranks #28 against this position"
"12","Andy BorregalesA. Borregales NE","at  SEAThis is a 1 star matchup. Ks perform below their average vs. SEA who currently ranks #28 against this position","vs.  PITThis is a 1 star matchup. Ks perform below their average vs. PIT who currently ranks #32 against this position","at  JACThis is a 1 star matchup. Ks perform below their average vs. JAC who currently ranks #21 against this position","at  BUFThis is a 1 star matchup. Ks perform below their average vs. BUF who currently ranks #23 against this position","vs.  LVThis is a 5 star matchup. Ks perform better than their average vs. LV who currently ranks #5 against this position","vs.  NYJThis is a 5 star matchup. Ks perform better than their average vs. NYJ who currently ranks #11 against this position","at  CHIThis is a 2 star matchup. Ks perform below their average vs. CHI who currently ranks #19 against this position","at  MIAThis is a 5 star matchup. Ks perform better than their average vs. MIA who currently ranks #12 against this position","vs.  GBThis is a 1 star matchup. Ks perform below their average vs. GB who currently ranks #27 against this position","at  DETThis is a 2 star matchup. Ks perform below their average vs. DET who currently ranks #20 against this position","BYE","at  LACThis is a 1 star matchup. Ks perform below their average vs. LAC who currently ranks #30 against this position","vs.  BUFThis is a 1 star matchup. Ks perform below their average vs. BUF who currently ranks #23 against this position","vs.  MINThis is a 5 star matchup. Ks perform better than their average vs. MIN who currently ranks #10 against this position","at  KCThis is a 1 star matchup. Ks perform below their average vs. KC who currently ranks #22 against this position","at  NYJThis is a 5 star matchup. Ks perform better than their average vs. NYJ who currently ranks #11 against this position","vs.  DENThis is a 5 star matchup. Ks perform better than their average vs. DEN who currently ranks #9 against this position","vs.  MIAThis is a 5 star matchup. Ks perform better than their average vs. MIA who currently ranks #12 against this position"
"13","Chase McLaughlinC. McLaughlin TB","at  CINThis is a 5 star matchup. Ks perform better than their average vs. CIN who currently ranks #7 against this position","vs.  CLEThis is a 1 star matchup. Ks perform below their average vs. CLE who currently ranks #31 against this position","vs.  MINThis is a 5 star matchup. Ks perform better than their average vs. MIN who currently ranks #10 against this position","vs.  GBThis is a 1 star matchup. Ks perform below their average vs. GB who currently ranks #27 against this position","at  DALThis is a 3 star matchup. Ks perform close to their average vs. DAL who currently ranks #14 against this position","vs.  PITThis is a 1 star matchup. Ks perform below their average vs. PIT who currently ranks #32 against this position","at  CARThis is a 5 star matchup. Ks perform better than their average vs. CAR who currently ranks #1 against this position","vs.  ATLThis is a 5 star matchup. Ks perform better than their average vs. ATL who currently ranks #8 against this position","at  CHIThis is a 2 star matchup. Ks perform below their average vs. CHI who currently ranks #19 against this position","BYE","at  DETThis is a 2 star matchup. Ks perform below their average vs. DET who currently ranks #20 against this position","vs.  CARThis is a 5 star matchup. Ks perform better than their average vs. CAR who currently ranks #1 against this position","vs.  LACThis is a 1 star matchup. Ks perform below their average vs. LAC who currently ranks #30 against this position","at  BALThis is a 1 star matchup. Ks perform below their average vs. BAL who currently ranks #26 against this position","vs.  NOThis is a 2 star matchup. Ks perform below their average vs. NO who currently ranks #18 against this position","at  ATLThis is a 5 star matchup. Ks perform better than their average vs. ATL who currently ranks #8 against this position","vs.  LARThis is a 3 star matchup. Ks perform close to their average vs. LAR who currently ranks #15 against this position","at  NOThis is a 2 star matchup. Ks perform below their average vs. NO who currently ranks #18 against this position"
"14","Chris BoswellC. Boswell PIT","vs.  ATLThis is a 5 star matchup. Ks perform better than their average vs. ATL who currently ranks #8 against this position","at  NEThis is a 1 star matchup. Ks perform below their average vs. NE who currently ranks #24 against this position","vs.  CINThis is a 5 star matchup. Ks perform better than their average vs. CIN who currently ranks #7 against this position","at  CLEThis is a 1 star matchup. Ks perform below their average vs. CLE who currently ranks #31 against this position","vs.  INDThis is a 5 star matchup. Ks perform better than their average vs. IND who currently ranks #3 against this position","at  TBThis is a 2 star matchup. Ks perform close to their average vs. TB who currently ranks #17 against this position","at  NOThis is a 2 star matchup. Ks perform below their average vs. NO who currently ranks #18 against this position","vs.  CLEThis is a 1 star matchup. Ks perform below their average vs. CLE who currently ranks #31 against this position","BYE","at  CINThis is a 5 star matchup. Ks perform better than their average vs. CIN who currently ranks #7 against this position","at  PHIThis is a 1 star matchup. Ks perform below their average vs. PHI who currently ranks #25 against this position","vs.  DENThis is a 5 star matchup. Ks perform better than their average vs. DEN who currently ranks #9 against this position","vs.  HOUThis is a 3 star matchup. Ks perform close to their average vs. HOU who currently ranks #16 against this position","at  JACThis is a 1 star matchup. Ks perform below their average vs. JAC who currently ranks #21 against this position","vs.  BALThis is a 1 star matchup. Ks perform below their average vs. BAL who currently ranks #26 against this position","vs.  CARThis is a 5 star matchup. Ks perform better than their average vs. CAR who currently ranks #1 against this position","at  TENThis is a 5 star matchup. Ks perform better than their average vs. TEN who currently ranks #2 against this position","at  BALThis is a 1 star matchup. Ks perform below their average vs. BAL who currently ranks #26 against this position"
"15","Harrison ButkerH. Butker KC","vs.  DENThis is a 5 star matchup. Ks perform better than their average vs. DEN who currently ranks #9 against this position","vs.  INDThis is a 5 star matchup. Ks perform better than their average vs. IND who currently ranks #3 against this position","at  MIAThis is a 5 star matchup. Ks perform better than their average vs. MIA who currently ranks #12 against this position","at  LVThis is a 5 star matchup. Ks perform better than their average vs. LV who currently ranks #5 against this position","BYE","vs.  LACThis is a 1 star matchup. Ks perform below their average vs. LAC who currently ranks #30 against this position","at  SEAThis is a 1 star matchup. Ks perform below their average vs. SEA who currently ranks #28 against this position","at  DENThis is a 5 star matchup. Ks perform better than their average vs. DEN who currently ranks #9 against this position","vs.  NYJThis is a 5 star matchup. Ks perform better than their average vs. NYJ who currently ranks #11 against this position","at  ATLThis is a 5 star matchup. Ks perform better than their average vs. ATL who currently ranks #8 against this position","vs.  ARIThis is a 5 star matchup. Ks perform better than their average vs. ARI who currently ranks #6 against this position","at  BUFThis is a 1 star matchup. Ks perform below their average vs. BUF who currently ranks #23 against this position","at  LARThis is a 3 star matchup. Ks perform close to their average vs. LAR who currently ranks #15 against this position","at  CINThis is a 5 star matchup. Ks perform better than their average vs. CIN who currently ranks #7 against this position","vs.  NEThis is a 1 star matchup. Ks perform below their average vs. NE who currently ranks #24 against this position","vs.  SFThis is a 1 star matchup. Ks perform below their average vs. SF who currently ranks #29 against this position","at  LACThis is a 1 star matchup. Ks perform below their average vs. LAC who currently ranks #30 against this position","vs.  LVThis is a 5 star matchup. Ks perform better than their average vs. LV who currently ranks #5 against this position"
"16","Wil LutzW. Lutz DEN","at  KCThis is a 1 star matchup. Ks perform below their average vs. KC who currently ranks #22 against this position","vs.  JACThis is a 1 star matchup. Ks perform below their average vs. JAC who currently ranks #21 against this position","vs.  LARThis is a 3 star matchup. Ks perform close to their average vs. LAR who currently ranks #15 against this position","at  SFThis is a 1 star matchup. Ks perform below their average vs. SF who currently ranks #29 against this position","at  LACThis is a 1 star matchup. Ks perform below their average vs. LAC who currently ranks #30 against this position","vs.  SEAThis is a 1 star matchup. Ks perform below their average vs. SEA who currently ranks #28 against this position","at  ARIThis is a 5 star matchup. Ks perform better than their average vs. ARI who currently ranks #6 against this position","vs.  KCThis is a 1 star matchup. Ks perform below their average vs. KC who currently ranks #22 against this position","at  CARThis is a 5 star matchup. Ks perform better than their average vs. CAR who currently ranks #1 against this position","BYE","vs.  LVThis is a 5 star matchup. Ks perform better than their average vs. LV who currently ranks #5 against this position","at  PITThis is a 1 star matchup. Ks perform below their average vs. PIT who currently ranks #32 against this position","vs.  MIAThis is a 5 star matchup. Ks perform better than their average vs. MIA who currently ranks #12 against this position","at  NYJThis is a 5 star matchup. Ks perform better than their average vs. NYJ who currently ranks #11 against this position","at  LVThis is a 5 star matchup. Ks perform better than their average vs. LV who currently ranks #5 against this position","vs.  BUFThis is a 1 star matchup. Ks perform below their average vs. BUF who currently ranks #23 against this position","at  NEThis is a 1 star matchup. Ks perform below their average vs. NE who currently ranks #24 against this position","vs.  LACThis is a 1 star matchup. Ks perform below their average vs. LAC who currently ranks #30 against this position"
"17","Will ReichardW. Reichard MIN","vs.  GBThis is a 1 star matchup. Ks perform below their average vs. GB who currently ranks #27 against this position","at  CHIThis is a 2 star matchup. Ks perform below their average vs. CHI who currently ranks #19 against this position","at  TBThis is a 2 star matchup. Ks perform close to their average vs. TB who currently ranks #17 against this position","vs.  MIAThis is a 5 star matchup. Ks perform better than their average vs. MIA who currently ranks #12 against this position","at  NOThis is a 2 star matchup. Ks perform below their average vs. NO who currently ranks #18 against this position","BYE","vs.  INDThis is a 5 star matchup. Ks perform better than their average vs. IND who currently ranks #3 against this position","at  DETThis is a 2 star matchup. Ks perform below their average vs. DET who currently ranks #20 against this position","vs.  BUFThis is a 1 star matchup. Ks perform below their average vs. BUF who currently ranks #23 against this position","at  GBThis is a 1 star matchup. Ks perform below their average vs. GB who currently ranks #27 against this position","at  SFThis is a 1 star matchup. Ks perform below their average vs. SF who currently ranks #29 against this position","vs.  ATLThis is a 5 star matchup. Ks perform better than their average vs. ATL who currently ranks #8 against this position","vs.  CARThis is a 5 star matchup. Ks perform better than their average vs. CAR who currently ranks #1 against this position","at  NEThis is a 1 star matchup. Ks perform below their average vs. NE who currently ranks #24 against this position","vs.  DETThis is a 2 star matchup. Ks perform below their average vs. DET who currently ranks #20 against this position","vs.  WASThis is a 5 star matchup. Ks perform better than their average vs. WAS who currently ranks #13 against this position","at  NYJThis is a 5 star matchup. Ks perform better than their average vs. NYJ who currently ranks #11 against this position","vs.  CHIThis is a 2 star matchup. Ks perform below their average vs. CHI who currently ranks #19 against this position"
"18","Charlie SmythC. Smyth NO","at  DETThis is a 2 star matchup. Ks perform below their average vs. DET who currently ranks #20 against this position","at  BALThis is a 1 star matchup. Ks perform below their average vs. BAL who currently ranks #26 against this position","vs.  LVThis is a 5 star matchup. Ks perform better than their average vs. LV who currently ranks #5 against this position","vs.  ATLThis is a 5 star matchup. Ks perform better than their average vs. ATL who currently ranks #8 against this position","vs.  MINThis is a 5 star matchup. Ks perform better than their average vs. MIN who currently ranks #10 against this position","at  NYGThis is a 5 star matchup. Ks perform better than their average vs. NYG who currently ranks #4 against this position","vs.  PITThis is a 1 star matchup. Ks perform below their average vs. PIT who currently ranks #32 against this position","BYE","vs.  CLEThis is a 1 star matchup. Ks perform below their average vs. CLE who currently ranks #31 against this position","vs.  CARThis is a 5 star matchup. Ks perform better than their average vs. CAR who currently ranks #1 against this position","at  CHIThis is a 2 star matchup. Ks perform below their average vs. CHI who currently ranks #19 against this position","at  CINThis is a 5 star matchup. Ks perform better than their average vs. CIN who currently ranks #7 against this position","vs.  GBThis is a 1 star matchup. Ks perform below their average vs. GB who currently ranks #27 against this position","at  CARThis is a 5 star matchup. Ks perform better than their average vs. CAR who currently ranks #1 against this position","at  TBThis is a 2 star matchup. Ks perform close to their average vs. TB who currently ranks #17 against this position","vs.  ARIThis is a 5 star matchup. Ks perform better than their average vs. ARI who currently ranks #6 against this position","at  ATLThis is a 5 star matchup. Ks perform better than their average vs. ATL who currently ranks #8 against this position","vs.  TBThis is a 2 star matchup. Ks perform close to their average vs. TB who currently ranks #17 against this position"
"19","Jake ElliottJ. Elliott PHI","vs.  WASThis is a 5 star matchup. Ks perform better than their average vs. WAS who currently ranks #13 against this position","at  TENThis is a 5 star matchup. Ks perform better than their average vs. TEN who currently ranks #2 against this position","at  CHIThis is a 2 star matchup. Ks perform below their average vs. CHI who currently ranks #19 against this position","vs.  LARThis is a 3 star matchup. Ks perform close to their average vs. LAR who currently ranks #15 against this position","at  JACThis is a 1 star matchup. Ks perform below their average vs. JAC who currently ranks #21 against this position","vs.  CARThis is a 5 star matchup. Ks perform better than their average vs. CAR who currently ranks #1 against this position","vs.  DALThis is a 3 star matchup. Ks perform close to their average vs. DAL who currently ranks #14 against this position","at  WASThis is a 5 star matchup. Ks perform better than their average vs. WAS who currently ranks #13 against this position","vs.  NYGThis is a 5 star matchup. Ks perform better than their average vs. NYG who currently ranks #4 against this position","BYE","vs.  PITThis is a 1 star matchup. Ks perform below their average vs. PIT who currently ranks #32 against this position","at  DALThis is a 3 star matchup. Ks perform close to their average vs. DAL who currently ranks #14 against this position","at  ARIThis is a 5 star matchup. Ks perform better than their average vs. ARI who currently ranks #6 against this position","vs.  INDThis is a 5 star matchup. Ks perform better than their average vs. IND who currently ranks #3 against this position","vs.  SEAThis is a 1 star matchup. Ks perform below their average vs. SEA who currently ranks #28 against this position","vs.  HOUThis is a 3 star matchup. Ks perform close to their average vs. HOU who currently ranks #16 against this position","at  SFThis is a 1 star matchup. Ks perform below their average vs. SF who currently ranks #29 against this position","at  NYGThis is a 5 star matchup. Ks perform better than their average vs. NYG who currently ranks #4 against this position"
"20","Tyler BassT. Bass BUF","at  HOUThis is a 3 star matchup. Ks perform close to their average vs. HOU who currently ranks #16 against this position","vs.  DETThis is a 2 star matchup. Ks perform below their average vs. DET who currently ranks #20 against this position","vs.  LACThis is a 1 star matchup. Ks perform below their average vs. LAC who currently ranks #30 against this position","vs.  NEThis is a 1 star matchup. Ks perform below their average vs. NE who currently ranks #24 against this position","at  LARThis is a 3 star matchup. Ks perform close to their average vs. LAR who currently ranks #15 against this position","at  LVThis is a 5 star matchup. Ks perform better than their average vs. LV who currently ranks #5 against this position","BYE","vs.  BALThis is a 1 star matchup. Ks perform below their average vs. BAL who currently ranks #26 against this position","at  MINThis is a 5 star matchup. Ks perform better than their average vs. MIN who currently ranks #10 against this position","at  NYJThis is a 5 star matchup. Ks perform better than their average vs. NYJ who currently ranks #11 against this position","vs.  MIAThis is a 5 star matchup. Ks perform better than their average vs. MIA who currently ranks #12 against this position","vs.  KCThis is a 1 star matchup. Ks perform below their average vs. KC who currently ranks #22 against this position","at  NEThis is a 1 star matchup. Ks perform below their average vs. NE who currently ranks #24 against this position","at  GBThis is a 1 star matchup. Ks perform below their average vs. GB who currently ranks #27 against this position","vs.  CHIThis is a 2 star matchup. Ks perform below their average vs. CHI who currently ranks #19 against this position","at  DENThis is a 5 star matchup. Ks perform better than their average vs. DEN who currently ranks #9 against this position","at  MIAThis is a 5 star matchup. Ks perform better than their average vs. MIA who currently ranks #12 against this position","vs.  NYJThis is a 5 star matchup. Ks perform better than their average vs. NYJ who currently ranks #11 against this position"
"21","Blake GrupeB. Grupe IND","vs.  BALThis is a 1 star matchup. Ks perform below their average vs. BAL who currently ranks #26 against this position","at  KCThis is a 1 star matchup. Ks perform below their average vs. KC who currently ranks #22 against this position","vs.  HOUThis is a 3 star matchup. Ks perform close to their average vs. HOU who currently ranks #16 against this position","at  WASThis is a 5 star matchup. Ks perform better than their average vs. WAS who currently ranks #13 against this position","at  PITThis is a 1 star matchup. Ks perform below their average vs. PIT who currently ranks #32 against this position","vs.  TENThis is a 5 star matchup. Ks perform better than their average vs. TEN who currently ranks #2 against this position","at  MINThis is a 5 star matchup. Ks perform better than their average vs. MIN who currently ranks #10 against this position","at  JACThis is a 1 star matchup. Ks perform below their average vs. JAC who currently ranks #21 against this position","vs.  DALThis is a 3 star matchup. Ks perform close to their average vs. DAL who currently ranks #14 against this position","vs.  MIAThis is a 5 star matchup. Ks perform better than their average vs. MIA who currently ranks #12 against this position","at  HOUThis is a 3 star matchup. Ks perform close to their average vs. HOU who currently ranks #16 against this position","vs.  NYGThis is a 5 star matchup. Ks perform better than their average vs. NYG who currently ranks #4 against this position","BYE","at  PHIThis is a 1 star matchup. Ks perform below their average vs. PHI who currently ranks #25 against this position","at  TENThis is a 5 star matchup. Ks perform better than their average vs. TEN who currently ranks #2 against this position","vs.  CINThis is a 5 star matchup. Ks perform better than their average vs. CIN who currently ranks #7 against this position","at  CLEThis is a 1 star matchup. Ks perform below their average vs. CLE who currently ranks #31 against this position","vs.  JACThis is a 1 star matchup. Ks perform below their average vs. JAC who currently ranks #21 against this position"
"22","Nick FolkN. Folk ATL","at  PITThis is a 1 star matchup. Ks perform below their average vs. PIT who currently ranks #32 against this position","vs.  CARThis is a 5 star matchup. Ks perform better than their average vs. CAR who currently ranks #1 against this position","at  GBThis is a 1 star matchup. Ks perform below their average vs. GB who currently ranks #27 against this position","at  NOThis is a 2 star matchup. Ks perform below their average vs. NO who currently ranks #18 against this position","vs.  BALThis is a 1 star matchup. Ks perform below their average vs. BAL who currently ranks #26 against this position","vs.  CHIThis is a 2 star matchup. Ks perform below their average vs. CHI who currently ranks #19 against this position","vs.  SFThis is a 1 star matchup. Ks perform below their average vs. SF who currently ranks #29 against this position","at  TBThis is a 2 star matchup. Ks perform close to their average vs. TB who currently ranks #17 against this position","vs.  CINThis is a 5 star matchup. Ks perform better than their average vs. CIN who currently ranks #7 against this position","vs.  KCThis is a 1 star matchup. Ks perform below their average vs. KC who currently ranks #22 against this position","BYE","at  MINThis is a 5 star matchup. Ks perform better than their average vs. MIN who currently ranks #10 against this position","vs.  DETThis is a 2 star matchup. Ks perform below their average vs. DET who currently ranks #20 against this position","at  CLEThis is a 1 star matchup. Ks perform below their average vs. CLE who currently ranks #31 against this position","at  WASThis is a 5 star matchup. Ks perform better than their average vs. WAS who currently ranks #13 against this position","vs.  TBThis is a 2 star matchup. Ks perform close to their average vs. TB who currently ranks #17 against this position","vs.  NOThis is a 2 star matchup. Ks perform below their average vs. NO who currently ranks #18 against this position","at  CARThis is a 5 star matchup. Ks perform better than their average vs. CAR who currently ranks #1 against this position"
"23","Chad RylandC. Ryland ARI","at  LACThis is a 1 star matchup. Ks perform below their average vs. LAC who currently ranks #30 against this position","vs.  SEAThis is a 1 star matchup. Ks perform below their average vs. SEA who currently ranks #28 against this position","at  SFThis is a 1 star matchup. Ks perform below their average vs. SF who currently ranks #29 against this position","at  NYGThis is a 5 star matchup. Ks perform better than their average vs. NYG who currently ranks #4 against this position","vs.  DETThis is a 2 star matchup. Ks perform below their average vs. DET who currently ranks #20 against this position","at  LARThis is a 3 star matchup. Ks perform close to their average vs. LAR who currently ranks #15 against this position","vs.  DENThis is a 5 star matchup. Ks perform better than their average vs. DEN who currently ranks #9 against this position","at  DALThis is a 3 star matchup. Ks perform close to their average vs. DAL who currently ranks #14 against this position","at  SEAThis is a 1 star matchup. Ks perform below their average vs. SEA who currently ranks #28 against this position","vs.  LARThis is a 3 star matchup. Ks perform close to their average vs. LAR who currently ranks #15 against this position","at  KCThis is a 1 star matchup. Ks perform below their average vs. KC who currently ranks #22 against this position","vs.  WASThis is a 5 star matchup. Ks perform better than their average vs. WAS who currently ranks #13 against this position","vs.  PHIThis is a 1 star matchup. Ks perform below their average vs. PHI who currently ranks #25 against this position","BYE","vs.  NYJThis is a 5 star matchup. Ks perform better than their average vs. NYJ who currently ranks #11 against this position","at  NOThis is a 2 star matchup. Ks perform below their average vs. NO who currently ranks #18 against this position","vs.  LVThis is a 5 star matchup. Ks perform better than their average vs. LV who currently ranks #5 against this position","vs.  SFThis is a 1 star matchup. Ks perform below their average vs. SF who currently ranks #29 against this position"
"24","Joey SlyeJ. Slye TEN","vs.  NYJThis is a 5 star matchup. Ks perform better than their average vs. NYJ who currently ranks #11 against this position","vs.  PHIThis is a 1 star matchup. Ks perform below their average vs. PHI who currently ranks #25 against this position","at  NYGThis is a 5 star matchup. Ks perform better than their average vs. NYG who currently ranks #4 against this position","at  BALThis is a 1 star matchup. Ks perform below their average vs. BAL who currently ranks #26 against this position","vs.  HOUThis is a 3 star matchup. Ks perform close to their average vs. HOU who currently ranks #16 against this position","at  INDThis is a 5 star matchup. Ks perform better than their average vs. IND who currently ranks #3 against this position","vs.  CLEThis is a 1 star matchup. Ks perform below their average vs. CLE who currently ranks #31 against this position","at  CINThis is a 5 star matchup. Ks perform better than their average vs. CIN who currently ranks #7 against this position","BYE","vs.  JACThis is a 1 star matchup. Ks perform below their average vs. JAC who currently ranks #21 against this position","at  DALThis is a 3 star matchup. Ks perform close to their average vs. DAL who currently ranks #14 against this position","at  JACThis is a 1 star matchup. Ks perform below their average vs. JAC who currently ranks #21 against this position","vs.  WASThis is a 5 star matchup. Ks perform better than their average vs. WAS who currently ranks #13 against this position","at  DETThis is a 2 star matchup. Ks perform below their average vs. DET who currently ranks #20 against this position","vs.  INDThis is a 5 star matchup. Ks perform better than their average vs. IND who currently ranks #3 against this position","at  LVThis is a 5 star matchup. Ks perform better than their average vs. LV who currently ranks #5 against this position","vs.  PITThis is a 1 star matchup. Ks perform below their average vs. PIT who currently ranks #32 against this position","at  HOUThis is a 3 star matchup. Ks perform close to their average vs. HOU who currently ranks #16 against this position"
"25","Ryan FitzgeraldR. Fitzgerald CAR","vs.  CHIThis is a 2 star matchup. Ks perform below their average vs. CHI who currently ranks #19 against this position","at  ATLThis is a 5 star matchup. Ks perform better than their average vs. ATL who currently ranks #8 against this position","at  CLEThis is a 1 star matchup. Ks perform below their average vs. CLE who currently ranks #31 against this position","vs.  DETThis is a 2 star matchup. Ks perform below their average vs. DET who currently ranks #20 against this position","BYE","at  PHIThis is a 1 star matchup. Ks perform below their average vs. PHI who currently ranks #25 against this position","vs.  TBThis is a 2 star matchup. Ks perform close to their average vs. TB who currently ranks #17 against this position","at  GBThis is a 1 star matchup. Ks perform below their average vs. GB who currently ranks #27 against this position","vs.  DENThis is a 5 star matchup. Ks perform better than their average vs. DEN who currently ranks #9 against this position","at  NOThis is a 2 star matchup. Ks perform below their average vs. NO who currently ranks #18 against this position","vs.  BALThis is a 1 star matchup. Ks perform below their average vs. BAL who currently ranks #26 against this position","at  TBThis is a 2 star matchup. Ks perform close to their average vs. TB who currently ranks #17 against this position","at  MINThis is a 5 star matchup. Ks perform better than their average vs. MIN who currently ranks #10 against this position","vs.  NOThis is a 2 star matchup. Ks perform below their average vs. NO who currently ranks #18 against this position","vs.  CINThis is a 5 star matchup. Ks perform better than their average vs. CIN who currently ranks #7 against this position","at  PITThis is a 1 star matchup. Ks perform below their average vs. PIT who currently ranks #32 against this position","vs.  SEAThis is a 1 star matchup. Ks perform below their average vs. SEA who currently ranks #28 against this position","vs.  ATLThis is a 5 star matchup. Ks perform better than their average vs. ATL who currently ranks #8 against this position"
"26","Trey SmackT. Smack GB","at  MINThis is a 5 star matchup. Ks perform better than their average vs. MIN who currently ranks #10 against this position","at  NYJThis is a 5 star matchup. Ks perform better than their average vs. NYJ who currently ranks #11 against this position","vs.  ATLThis is a 5 star matchup. Ks perform better than their average vs. ATL who currently ranks #8 against this position","at  TBThis is a 2 star matchup. Ks perform close to their average vs. TB who currently ranks #17 against this position","vs.  CHIThis is a 2 star matchup. Ks perform below their average vs. CHI who currently ranks #19 against this position","vs.  DALThis is a 3 star matchup. Ks perform close to their average vs. DAL who currently ranks #14 against this position","at  DETThis is a 2 star matchup. Ks perform below their average vs. DET who currently ranks #20 against this position","vs.  CARThis is a 5 star matchup. Ks perform better than their average vs. CAR who currently ranks #1 against this position","at  NEThis is a 1 star matchup. Ks perform below their average vs. NE who currently ranks #24 against this position","vs.  MINThis is a 5 star matchup. Ks perform better than their average vs. MIN who currently ranks #10 against this position","BYE","at  LARThis is a 3 star matchup. Ks perform close to their average vs. LAR who currently ranks #15 against this position","at  NOThis is a 2 star matchup. Ks perform below their average vs. NO who currently ranks #18 against this position","vs.  BUFThis is a 1 star matchup. Ks perform below their average vs. BUF who currently ranks #23 against this position","vs.  MIAThis is a 5 star matchup. Ks perform better than their average vs. MIA who currently ranks #12 against this position","at  CHIThis is a 2 star matchup. Ks perform below their average vs. CHI who currently ranks #19 against this position","vs.  HOUThis is a 3 star matchup. Ks perform close to their average vs. HOU who currently ranks #16 against this position","vs.  DETThis is a 2 star matchup. Ks perform below their average vs. DET who currently ranks #20 against this position"
"27","Zane GonzalezZ. Gonzalez MIA","at  LVThis is a 5 star matchup. Ks perform better than their average vs. LV who currently ranks #5 against this position","at  SFThis is a 1 star matchup. Ks perform below their average vs. SF who currently ranks #29 against this position","vs.  KCThis is a 1 star matchup. Ks perform below their average vs. KC who currently ranks #22 against this position","at  MINThis is a 5 star matchup. Ks perform better than their average vs. MIN who currently ranks #10 against this position","vs.  CINThis is a 5 star matchup. Ks perform better than their average vs. CIN who currently ranks #7 against this position","BYE","at  NYJThis is a 5 star matchup. Ks perform better than their average vs. NYJ who currently ranks #11 against this position","vs.  NEThis is a 1 star matchup. Ks perform below their average vs. NE who currently ranks #24 against this position","vs.  DETThis is a 2 star matchup. Ks perform below their average vs. DET who currently ranks #20 against this position","at  INDThis is a 5 star matchup. Ks perform better than their average vs. IND who currently ranks #3 against this position","at  BUFThis is a 1 star matchup. Ks perform below their average vs. BUF who currently ranks #23 against this position","vs.  NYJThis is a 5 star matchup. Ks perform better than their average vs. NYJ who currently ranks #11 against this position","at  DENThis is a 5 star matchup. Ks perform better than their average vs. DEN who currently ranks #9 against this position","vs.  CHIThis is a 2 star matchup. Ks perform below their average vs. CHI who currently ranks #19 against this position","at  GBThis is a 1 star matchup. Ks perform below their average vs. GB who currently ranks #27 against this position","vs.  LACThis is a 1 star matchup. Ks perform below their average vs. LAC who currently ranks #30 against this position","vs.  BUFThis is a 1 star matchup. Ks perform below their average vs. BUF who currently ranks #23 against this position","at  NEThis is a 1 star matchup. Ks perform below their average vs. NE who currently ranks #24 against this position"
"28","Daniel CarlsonD. Carlson LV","vs.  MIAThis is a 5 star matchup. Ks perform better than their average vs. MIA who currently ranks #12 against this position","at  LACThis is a 1 star matchup. Ks perform below their average vs. LAC who currently ranks #30 against this position","at  NOThis is a 2 star matchup. Ks perform below their average vs. NO who currently ranks #18 against this position","vs.  KCThis is a 1 star matchup. Ks perform below their average vs. KC who currently ranks #22 against this position","at  NEThis is a 1 star matchup. Ks perform below their average vs. NE who currently ranks #24 against this position","vs.  BUFThis is a 1 star matchup. Ks perform below their average vs. BUF who currently ranks #23 against this position","vs.  LARThis is a 3 star matchup. Ks perform close to their average vs. LAR who currently ranks #15 against this position","at  NYJThis is a 5 star matchup. Ks perform better than their average vs. NYJ who currently ranks #11 against this position","at  SFThis is a 1 star matchup. Ks perform below their average vs. SF who currently ranks #29 against this position","vs.  SEAThis is a 1 star matchup. Ks perform below their average vs. SEA who currently ranks #28 against this position","at  DENThis is a 5 star matchup. Ks perform better than their average vs. DEN who currently ranks #9 against this position","at  CLEThis is a 1 star matchup. Ks perform below their average vs. CLE who currently ranks #31 against this position","BYE","vs.  LACThis is a 1 star matchup. Ks perform below their average vs. LAC who currently ranks #30 against this position","vs.  DENThis is a 5 star matchup. Ks perform better than their average vs. DEN who currently ranks #9 against this position","vs.  TENThis is a 5 star matchup. Ks perform better than their average vs. TEN who currently ranks #2 against this position","at  ARIThis is a 5 star matchup. Ks perform better than their average vs. ARI who currently ranks #6 against this position","at  KCThis is a 1 star matchup. Ks perform below their average vs. KC who currently ranks #22 against this position"
"29","Ben SaulsB. Sauls NYG","vs.  DALThis is a 3 star matchup. Ks perform close to their average vs. DAL who currently ranks #14 against this position","at  LARThis is a 3 star matchup. Ks perform close to their average vs. LAR who currently ranks #15 against this position","vs.  TENThis is a 5 star matchup. Ks perform better than their average vs. TEN who currently ranks #2 against this position","vs.  ARIThis is a 5 star matchup. Ks perform better than their average vs. ARI who currently ranks #6 against this position","at  WASThis is a 5 star matchup. Ks perform better than their average vs. WAS who currently ranks #13 against this position","vs.  NOThis is a 2 star matchup. Ks perform below their average vs. NO who currently ranks #18 against this position","at  HOUThis is a 3 star matchup. Ks perform close to their average vs. HOU who currently ranks #16 against this position","BYE","at  PHIThis is a 1 star matchup. Ks perform below their average vs. PHI who currently ranks #25 against this position","vs.  WASThis is a 5 star matchup. Ks perform better than their average vs. WAS who currently ranks #13 against this position","vs.  JACThis is a 1 star matchup. Ks perform below their average vs. JAC who currently ranks #21 against this position","at  INDThis is a 5 star matchup. Ks perform better than their average vs. IND who currently ranks #3 against this position","vs.  SFThis is a 1 star matchup. Ks perform below their average vs. SF who currently ranks #29 against this position","at  SEAThis is a 1 star matchup. Ks perform below their average vs. SEA who currently ranks #28 against this position","vs.  CLEThis is a 1 star matchup. Ks perform below their average vs. CLE who currently ranks #31 against this position","at  DETThis is a 2 star matchup. Ks perform below their average vs. DET who currently ranks #20 against this position","at  DALThis is a 3 star matchup. Ks perform close to their average vs. DAL who currently ranks #14 against this position","vs.  PHIThis is a 1 star matchup. Ks perform below their average vs. PHI who currently ranks #25 against this position"
"30","Jake MoodyJ. Moody WAS","at  PHIThis is a 1 star matchup. Ks perform below their average vs. PHI who currently ranks #25 against this position","at  DALThis is a 3 star matchup. Ks perform close to their average vs. DAL who currently ranks #14 against this position","vs.  SEAThis is a 1 star matchup. Ks perform below their average vs. SEA who currently ranks #28 against this position","vs.  INDThis is a 5 star matchup. Ks perform better than their average vs. IND who currently ranks #3 against this position","vs.  NYGThis is a 5 star matchup. Ks perform better than their average vs. NYG who currently ranks #4 against this position","at  SFThis is a 1 star matchup. Ks perform below their average vs. SF who currently ranks #29 against this position","BYE","vs.  PHIThis is a 1 star matchup. Ks perform below their average vs. PHI who currently ranks #25 against this position","vs.  LARThis is a 3 star matchup. Ks perform close to their average vs. LAR who currently ranks #15 against this position","at  NYGThis is a 5 star matchup. Ks perform better than their average vs. NYG who currently ranks #4 against this position","vs.  CINThis is a 5 star matchup. Ks perform better than their average vs. CIN who currently ranks #7 against this position","at  ARIThis is a 5 star matchup. Ks perform better than their average vs. ARI who currently ranks #6 against this position","at  TENThis is a 5 star matchup. Ks perform better than their average vs. TEN who currently ranks #2 against this position","vs.  HOUThis is a 3 star matchup. Ks perform close to their average vs. HOU who currently ranks #16 against this position","vs.  ATLThis is a 5 star matchup. Ks perform better than their average vs. ATL who currently ranks #8 against this position","at  MINThis is a 5 star matchup. Ks perform better than their average vs. MIN who currently ranks #10 against this position","at  JACThis is a 1 star matchup. Ks perform below their average vs. JAC who currently ranks #21 against this position","vs.  DALThis is a 3 star matchup. Ks perform close to their average vs. DAL who currently ranks #14 against this position"
"31","Jason SandersJ. Sanders NYJ","at  TENThis is a 5 star matchup. Ks perform better than their average vs. TEN who currently ranks #2 against this position","vs.  GBThis is a 1 star matchup. Ks perform below their average vs. GB who currently ranks #27 against this position","at  DETThis is a 2 star matchup. Ks perform below their average vs. DET who currently ranks #20 against this position","at  CHIThis is a 2 star matchup. Ks perform below their average vs. CHI who currently ranks #19 against this position","vs.  CLEThis is a 1 star matchup. Ks perform below their average vs. CLE who currently ranks #31 against this position","at  NEThis is a 1 star matchup. Ks perform below their average vs. NE who currently ranks #24 against this position","vs.  MIAThis is a 5 star matchup. Ks perform better than their average vs. MIA who currently ranks #12 against this position","vs.  LVThis is a 5 star matchup. Ks perform better than their average vs. LV who currently ranks #5 against this position","at  KCThis is a 1 star matchup. Ks perform below their average vs. KC who currently ranks #22 against this position","vs.  BUFThis is a 1 star matchup. Ks perform below their average vs. BUF who currently ranks #23 against this position","at  LACThis is a 1 star matchup. Ks perform below their average vs. LAC who currently ranks #30 against this position","at  MIAThis is a 5 star matchup. Ks perform better than their average vs. MIA who currently ranks #12 against this position","BYE","vs.  DENThis is a 5 star matchup. Ks perform better than their average vs. DEN who currently ranks #9 against this position","at  ARIThis is a 5 star matchup. Ks perform better than their average vs. ARI who currently ranks #6 against this position","vs.  NEThis is a 1 star matchup. Ks perform below their average vs. NE who currently ranks #24 against this position","vs.  MINThis is a 5 star matchup. Ks perform better than their average vs. MIN who currently ranks #10 against this position","at  BUFThis is a 1 star matchup. Ks perform below their average vs. BUF who currently ranks #23 against this position"
"32","Andre SzmytA. Szmyt CLE","at  JACThis is a 1 star matchup. Ks perform below their average vs. JAC who currently ranks #21 against this position","at  TBThis is a 2 star matchup. Ks perform close to their average vs. TB who currently ranks #17 against this position","vs.  CARThis is a 5 star matchup. Ks perform better than their average vs. CAR who currently ranks #1 against this position","vs.  PITThis is a 1 star matchup. Ks perform below their average vs. PIT who currently ranks #32 against this position","at  NYJThis is a 5 star matchup. Ks perform better than their average vs. NYJ who currently ranks #11 against this position","vs.  BALThis is a 1 star matchup. Ks perform below their average vs. BAL who currently ranks #26 against this position","at  TENThis is a 5 star matchup. Ks perform better than their average vs. TEN who currently ranks #2 against this position","at  PITThis is a 1 star matchup. Ks perform below their average vs. PIT who currently ranks #32 against this position","at  NOThis is a 2 star matchup. Ks perform below their average vs. NO who currently ranks #18 against this position","vs.  HOUThis is a 3 star matchup. Ks perform close to their average vs. HOU who currently ranks #16 against this position","BYE","vs.  LVThis is a 5 star matchup. Ks perform better than their average vs. LV who currently ranks #5 against this position","vs.  CINThis is a 5 star matchup. Ks perform better than their average vs. CIN who currently ranks #7 against this position","vs.  ATLThis is a 5 star matchup. Ks perform better than their average vs. ATL who currently ranks #8 against this position","at  NYGThis is a 5 star matchup. Ks perform better than their average vs. NYG who currently ranks #4 against this position","at  BALThis is a 1 star matchup. Ks perform below their average vs. BAL who currently ranks #26 against this position","vs.  INDThis is a 5 star matchup. Ks perform better than their average vs. IND who currently ranks #3 against this position","at  CINThis is a 5 star matchup. Ks perform better than their average vs. CIN who currently ranks #7 against this position"
"33","Brandon McManusB. McManus FA","","","","","","","","","","","","","","","","","",""
"34","Spencer ShraderS. Shrader IND","vs.  BALThis is a 1 star matchup. Ks perform below their average vs. BAL who currently ranks #26 against this position","at  KCThis is a 1 star matchup. Ks perform below their average vs. KC who currently ranks #22 against this position","vs.  HOUThis is a 3 star matchup. Ks perform close to their average vs. HOU who currently ranks #16 against this position","at  WASThis is a 5 star matchup. Ks perform better than their average vs. WAS who currently ranks #13 against this position","at  PITThis is a 1 star matchup. Ks perform below their average vs. PIT who currently ranks #32 against this position","vs.  TENThis is a 5 star matchup. Ks perform better than their average vs. TEN who currently ranks #2 against this position","at  MINThis is a 5 star matchup. Ks perform better than their average vs. MIN who currently ranks #10 against this position","at  JACThis is a 1 star matchup. Ks perform below their average vs. JAC who currently ranks #21 against this position","vs.  DALThis is a 3 star matchup. Ks perform close to their average vs. DAL who currently ranks #14 against this position","vs.  MIAThis is a 5 star matchup. Ks perform better than their average vs. MIA who currently ranks #12 against this position","at  HOUThis is a 3 star matchup. Ks perform close to their average vs. HOU who currently ranks #16 against this position","vs.  NYGThis is a 5 star matchup. Ks perform better than their average vs. NYG who currently ranks #4 against this position","BYE","at  PHIThis is a 1 star matchup. Ks perform below their average vs. PHI who currently ranks #25 against this position","at  TENThis is a 5 star matchup. Ks perform better than their average vs. TEN who currently ranks #2 against this position","vs.  CINThis is a 5 star matchup. Ks perform better than their average vs. CIN who currently ranks #7 against this position","at  CLEThis is a 1 star matchup. Ks perform below their average vs. CLE who currently ranks #31 against this position","vs.  JACThis is a 1 star matchup. Ks perform below their average vs. JAC who currently ranks #21 against this position"
"35","Matt GayM. Gay LV","vs.  MIAThis is a 5 star matchup. Ks perform better than their average vs. MIA who currently ranks #12 against this position","at  LACThis is a 1 star matchup. Ks perform below their average vs. LAC who currently ranks #30 against this position","at  NOThis is a 2 star matchup. Ks perform below their average vs. NO who currently ranks #18 against this position","vs.  KCThis is a 1 star matchup. Ks perform below their average vs. KC who currently ranks #22 against this position","at  NEThis is a 1 star matchup. Ks perform below their average vs. NE who currently ranks #24 against this position","vs.  BUFThis is a 1 star matchup. Ks perform below their average vs. BUF who currently ranks #23 against this position","vs.  LARThis is a 3 star matchup. Ks perform close to their average vs. LAR who currently ranks #15 against this position","at  NYJThis is a 5 star matchup. Ks perform better than their average vs. NYJ who currently ranks #11 against this position","at  SFThis is a 1 star matchup. Ks perform below their average vs. SF who currently ranks #29 against this position","vs.  SEAThis is a 1 star matchup. Ks perform below their average vs. SEA who currently ranks #28 against this position","at  DENThis is a 5 star matchup. Ks perform better than their average vs. DEN who currently ranks #9 against this position","at  CLEThis is a 1 star matchup. Ks perform below their average vs. CLE who currently ranks #31 against this position","BYE","vs.  LACThis is a 1 star matchup. Ks perform below their average vs. LAC who currently ranks #30 against this position","vs.  DENThis is a 5 star matchup. Ks perform better than their average vs. DEN who currently ranks #9 against this position","vs.  TENThis is a 5 star matchup. Ks perform better than their average vs. TEN who currently ranks #2 against this position","at  ARIThis is a 5 star matchup. Ks perform better than their average vs. ARI who currently ranks #6 against this position","at  KCThis is a 1 star matchup. Ks perform below their average vs. KC who currently ranks #22 against this position"
"36","Riley PattersonR. Patterson MIA","at  LVThis is a 5 star matchup. Ks perform better than their average vs. LV who currently ranks #5 against this position","at  SFThis is a 1 star matchup. Ks perform below their average vs. SF who currently ranks #29 against this position","vs.  KCThis is a 1 star matchup. Ks perform below their average vs. KC who currently ranks #22 against this position","at  MINThis is a 5 star matchup. Ks perform better than their average vs. MIN who currently ranks #10 against this position","vs.  CINThis is a 5 star matchup. Ks perform better than their average vs. CIN who currently ranks #7 against this position","BYE","at  NYJThis is a 5 star matchup. Ks perform better than their average vs. NYJ who currently ranks #11 against this position","vs.  NEThis is a 1 star matchup. Ks perform below their average vs. NE who currently ranks #24 against this position","vs.  DETThis is a 2 star matchup. Ks perform below their average vs. DET who currently ranks #20 against this position","at  INDThis is a 5 star matchup. Ks perform better than their average vs. IND who currently ranks #3 against this position","at  BUFThis is a 1 star matchup. Ks perform below their average vs. BUF who currently ranks #23 against this position","vs.  NYJThis is a 5 star matchup. Ks perform better than their average vs. NYJ who currently ranks #11 against this position","at  DENThis is a 5 star matchup. Ks perform better than their average vs. DEN who currently ranks #9 against this position","vs.  CHIThis is a 2 star matchup. Ks perform below their average vs. CHI who currently ranks #19 against this position","at  GBThis is a 1 star matchup. Ks perform below their average vs. GB who currently ranks #27 against this position","vs.  LACThis is a 1 star matchup. Ks perform below their average vs. LAC who currently ranks #30 against this position","vs.  BUFThis is a 1 star matchup. Ks perform below their average vs. BUF who currently ranks #23 against this position","at  NEThis is a 1 star matchup. Ks perform below their average vs. NE who currently ranks #24 against this position"
"37","Cade YorkC. York NYJ","at  TENThis is a 5 star matchup. Ks perform better than their average vs. TEN who currently ranks #2 against this position","vs.  GBThis is a 1 star matchup. Ks perform below their average vs. GB who currently ranks #27 against this position","at  DETThis is a 2 star matchup. Ks perform below their average vs. DET who currently ranks #20 against this position","at  CHIThis is a 2 star matchup. Ks perform below their average vs. CHI who currently ranks #19 against this position","vs.  CLEThis is a 1 star matchup. Ks perform below their average vs. CLE who currently ranks #31 against this position","at  NEThis is a 1 star matchup. Ks perform below their average vs. NE who currently ranks #24 against this position","vs.  MIAThis is a 5 star matchup. Ks perform better than their average vs. MIA who currently ranks #12 against this position","vs.  LVThis is a 5 star matchup. Ks perform better than their average vs. LV who currently ranks #5 against this position","at  KCThis is a 1 star matchup. Ks perform below their average vs. KC who currently ranks #22 against this position","vs.  BUFThis is a 1 star matchup. Ks perform below their average vs. BUF who currently ranks #23 against this position","at  LACThis is a 1 star matchup. Ks perform below their average vs. LAC who currently ranks #30 against this position","at  MIAThis is a 5 star matchup. Ks perform better than their average vs. MIA who currently ranks #12 against this position","BYE","vs.  DENThis is a 5 star matchup. Ks perform better than their average vs. DEN who currently ranks #9 against this position","at  ARIThis is a 5 star matchup. Ks perform better than their average vs. ARI who currently ranks #6 against this position","vs.  NEThis is a 1 star matchup. Ks perform below their average vs. NE who currently ranks #24 against this position","vs.  MINThis is a 5 star matchup. Ks perform better than their average vs. MIN who currently ranks #10 against this position","at  BUFThis is a 1 star matchup. Ks perform below their average vs. BUF who currently ranks #23 against this position"
"38","B.T. PotterB.T. Potter TB","at  CINThis is a 5 star matchup. Ks perform better than their average vs. CIN who currently ranks #7 against this position","vs.  CLEThis is a 1 star matchup. Ks perform below their average vs. CLE who currently ranks #31 against this position","vs.  MINThis is a 5 star matchup. Ks perform better than their average vs. MIN who currently ranks #10 against this position","vs.  GBThis is a 1 star matchup. Ks perform below their average vs. GB who currently ranks #27 against this position","at  DALThis is a 3 star matchup. Ks perform close to their average vs. DAL who currently ranks #14 against this position","vs.  PITThis is a 1 star matchup. Ks perform below their average vs. PIT who currently ranks #32 against this position","at  CARThis is a 5 star matchup. Ks perform better than their average vs. CAR who currently ranks #1 against this position","vs.  ATLThis is a 5 star matchup. Ks perform better than their average vs. ATL who currently ranks #8 against this position","at  CHIThis is a 2 star matchup. Ks perform below their average vs. CHI who currently ranks #19 against this position","BYE","at  DETThis is a 2 star matchup. Ks perform below their average vs. DET who currently ranks #20 against this position","vs.  CARThis is a 5 star matchup. Ks perform better than their average vs. CAR who currently ranks #1 against this position","vs.  LACThis is a 1 star matchup. Ks perform below their average vs. LAC who currently ranks #30 against this position","at  BALThis is a 1 star matchup. Ks perform below their average vs. BAL who currently ranks #26 against this position","vs.  NOThis is a 2 star matchup. Ks perform below their average vs. NO who currently ranks #18 against this position","at  ATLThis is a 5 star matchup. Ks perform better than their average vs. ATL who currently ranks #8 against this position","vs.  LARThis is a 3 star matchup. Ks perform close to their average vs. LAR who currently ranks #15 against this position","at  NOThis is a 2 star matchup. Ks perform below their average vs. NO who currently ranks #18 against this position"
""
""